g Mesh0001
v -1.7 -2.0818995585505e-16 0.300716155294842
v -1.8 -2.2043642384652366e-16 0.46714410352989466
v -1.9 -2.3268289183799733e-16 0.6335720517649474
v -2 -2.44929359829471e-16 0.8
v -1.9921736441498896 0.1767602091946851 0.8
v -1.9687558284454512 0.35213703009207287 0.8
v -1.9299298290456197 0.524757901283959 0.8
v -1.8759995120379345 0.6932718304052399 0.8
v -1.807386955274407 0.856359967480912 0.8
v -1.7246291450400546 1.0127459267152894 0.8
v -1.628373773407147 1.1612057759414434 0.8
v -1.519374169166568 1.300577615549876 0.8
v -1.3984834020086259 1.4297706719283272 0.8
v -1.2666476060960912 1.5477738342442158 0.8
v -1.1248985752815588 1.653663567757819 0.8
v -0.9743456879215908 1.7466111417337868 0.8
v -0.8161672244869279 1.8258891153827783 0.8
v -0.6516011459202335 1.8908770310719412 0.8
v -0.4819354049132278 1.9410662702471349 0.8
v -0.3084978659306041 1.9760640340627282 0.8
v -0.13264591287020788 1.9955964175651422 0.8
v 0.0442441743063733 1.999510553370486 0.8
v 0.22078799083053852 1.9877758080591015 0.8
v 0.39560384197103304 1.960484021923606 0.8
v 0.5673235566685915 1.9178487901940808 0.8
v 0.7346031953295112 1.8602037913657934 0.8
v 0.8961335679751542 1.7880001757125528 0.8
v 1.0506504804285945 1.7018030344241262 0.8
v 1.1969446283481116 1.6022869770014987 0.8
v 1.333871061673298 1.4902308515228602 0.8
v 1.460358145411665 1.3665116491013907 0.8
v 1.5754159466354332 1.2320976402407326 0.8
v 1.678143982048894 1.0880407968054697 0.8
v 1.7677382654911191 0.9354685589149694 0.8
v 1.843497600217754 0.7755750111958107 0.8
v 1.9048290667162604 0.6096115374505804 0.8
v 1.9512526631050118 0.438877026882929 0.8
v 1.982405061798828 0.2647077085284534 0.8
v 1.9980424530399468 0.08846669345076681 0.8
v 1.9980424530399477 -0.08846669345074809 0.8
v 1.9824050617988305 -0.26470770852843484 0.8
v 1.951252663105016 -0.43887702688291075 0.8
v 1.9048290667162662 -0.6096115374505626 0.8
v 1.8434976002177612 -0.7755750111957935 0.8
v 1.767738265491128 -0.9354685589149528 0.8
v 1.6781439820489041 -1.088040796805454 0.8
v 1.5754159466354447 -1.232097640240718 0.8
v 1.4603581454116779 -1.366511649101377 0.8
v 1.333871061673312 -1.4902308515228475 0.8
v 1.1969446283481266 -1.6022869770014874 0.8
v 1.0506504804286105 -1.7018030344241162 0.8
v 0.896133567975171 -1.7880001757125443 0.8
v 0.7346031953295287 -1.8602037913657865 0.8
v 0.5673235566686095 -1.9178487901940755 0.8
v 0.3956038419710514 -1.9604840219236022 0.8
v 0.22078799083055714 -1.9877758080590995 0.8
v 0.04424417430639204 -1.9995105533704856 0.8
v -0.13264591287018918 -1.9955964175651435 0.8
v -0.3084978659305873 -1.976064034062731 0.8
v -0.4819354049132113 -1.9410662702471388 0.8
v -0.6516011459202176 -1.8908770310719467 0.8
v -0.8161672244869125 -1.8258891153827852 0.8
v -0.9743456879215759 -1.746611141733795 0.8
v -1.1248985752815448 -1.6536635677578286 0.8
v -1.266647606096078 -1.5477738342442267 0.8
v -1.398483402008613 -1.4297706719283396 0.8
v -1.5193741691665559 -1.3005776155498903 0.8
v -1.6283737734071355 -1.1612057759414594 0.8
v -1.7246291450400442 -1.0127459267153072 0.8
v -1.8073869552743977 -0.8563599674809314 0.8
v -1.8759995120379267 -0.6932718304052609 0.8
v -1.9299298290456135 -0.5247579012839815 0.8
v -1.968755828445447 -0.35213703009209657 0.8
v -1.9921736441498874 -0.17676020919470997 0.8
v -2 -2.44929359829471e-16 0.8
v -1.7 -2.0818995585505e-16 0.300716155294842
v -1.8 -2.2043642384652366e-16 0.46714410352989466
v -1.9 -2.3268289183799733e-16 0.6335720517649474
v -1.6920637790200026 -0.16407366555467517 0.300716155294842
v -1.668329214437003 -0.32661541950130346 0.300716155294842
v -1.629017909485583 -0.4861076532777706 0.300716155294842
v -1.5744969032282206 -0.6410612308701434 0.300716155294842
v -1.5052752436104575 -0.7900293924744051 0.300716155294842
v -1.4219992346173866 -0.9316212625029373 0.300716155294842
v -1.3254464019074794 -1.0645148358151313 0.300716155294842
v -1.2165182332650075 -1.187469320923191 0.300716155294842
v -1.0962317616514916 -1.2993367249279408 0.300716155294842
v -0.9657100694429662 -1.3990725720192148 0.300716155294842
v -0.8261718025124314 -1.4857456554650799 0.300716155294842
v -0.6789197920616832 -1.5585467320381896 0.300716155294842
v -0.5253288904374108 -1.616796077701761 0.300716155294842
v -0.3668331345052703 -1.6599498340097625 0.300716155294842
v -0.20491235643404856 -1.687605085966692 0.300716155294842
v -0.04107836690142381 -1.699503623936328 0.300716155294842
v 0.12313916027499755 -1.6955343544755348 0.300716155294842
v 0.2862069702899675 -1.675734337583806 0.300716155294842
v 0.4466025429376001 -1.6402884406840368 0.300716155294842
v 0.6028283079723132 -1.589527612565204 0.300716155294842
v 0.7534256275187133 -1.5239257934026949 0.300716155294842
v 0.8969884149804288 -1.4440954897065836 0.300716155294842
v 1.0321762632918123 -1.3507820555133796 0.300716155294842
v 1.1577269599375586 -1.2448567332162117 0.300716155294842
v 1.2724682718908753 -1.127308519009348 0.300716155294842
v 1.375328890437414 -0.9992349288971998 0.300716155294842
v 1.4653484336960867 -0.8618317514830984 0.300716155294842
v 1.54168641344593 -0.7163818832132935 0.300716155294842
v 1.6036300825381655 -0.5642433503184917 0.300716155294842
v 1.6506010896242902 -0.4068366292888409 0.300716155294842
v 1.682160879066788 -0.24563138426766834 0.300716155294842
v 1.6980147856149557 -0.0821327451933536 0.300716155294842
v 1.6980147856149548 0.08213274519337088 0.300716155294842
v 1.6821608790667855 0.2456313842676855 0.300716155294842
v 1.6506010896242862 0.40683662928885767 0.300716155294842
v 1.6036300825381598 0.5642433503185079 0.300716155294842
v 1.5416864134459227 0.7163818832133092 0.300716155294842
v 1.465348433696078 0.8618317514831133 0.300716155294842
v 1.375328890437404 0.9992349288972138 0.300716155294842
v 1.272468271890864 1.1273085190093608 0.300716155294842
v 1.157726959937546 1.2448567332162235 0.300716155294842
v 1.0321762632917986 1.35078205551339 0.300716155294842
v 0.8969884149804142 1.4440954897065927 0.300716155294842
v 0.7534256275186977 1.5239257934027024 0.300716155294842
v 0.6028283079722971 1.5895276125652102 0.300716155294842
v 0.4466025429375835 1.6402884406840414 0.300716155294842
v 0.28620697028995046 1.675734337583809 0.300716155294842
v 0.12313916027498033 1.6955343544755361 0.300716155294842
v -0.04107836690144109 1.6995036239363275 0.300716155294842
v -0.20491235643406575 1.6876050859666898 0.300716155294842
v -0.36683313450528715 1.6599498340097587 0.300716155294842
v -0.5253288904374274 1.6167960777017556 0.300716155294842
v -0.6789197920616991 1.558546732038183 0.300716155294842
v -0.8261718025124465 1.4857456554650714 0.300716155294842
v -0.9657100694429805 1.399072572019205 0.300716155294842
v -1.096231761651505 1.2993367249279295 0.300716155294842
v -1.2165182332650197 1.1874693209231786 0.300716155294842
v -1.3254464019074907 1.0645148358151173 0.300716155294842
v -1.4219992346173966 0.9316212625029217 0.300716155294842
v -1.5052752436104666 0.7900293924743876 0.300716155294842
v -1.5744969032282283 0.6410612308701247 0.300716155294842
v -1.6290179094855888 0.4861076532777505 0.300716155294842
v -1.6683292144370072 0.32661541950128203 0.300716155294842
v -1.6920637790200048 0.16407366555465272 0.300716155294842
v -1.7858064623660606 -0.22559982041574778 0.4671441035298944
v -1.885017932497509 -0.23813314377217829 0.6335720517649468
v -1.7434496900315364 -0.44764179689673916 0.4671441035298944
v -1.8403080061444 -0.4725107856132248 0.6335720517649468
v -1.6735976745988528 -0.6626241948324212 0.4671441035298944
v -1.7665753231876784 -0.6994366501008892 0.6335720517649468
v -1.5773520240789545 -0.8671566133830886 0.4671441035298944
v -1.6649826920833413 -0.9153319807932605 0.6335720517649468
v -1.456230589874905 -1.058013454126453 0.4671441035298944
v -1.5371322893124002 -1.1167919793557006 0.6335720517649468
v -1.31214352935854 -1.2321847906716412 0.4671441035298944
v -1.3850403921006815 -1.3006395012645104 0.6335720517649468
v -1.1473631815476402 -1.3869238369964223 0.4671441035298944
v -1.2111055805225095 -1.4639751612740017 0.6335720517649468
v -0.9644882309621923 -1.5197902659036286 0.4671441035298944
v -1.018070910460092 -1.6042230584538308 0.6335720517649468
v -0.7664027248171286 -1.6286886944388366 0.4671441035298944
v -0.8089806539736359 -1.7191713996854392 0.6335720517649468
v -0.5562305898749028 -1.7119017293312777 0.4671441035298944
v -0.5871322893123975 -1.8070073809607938 0.6335720517649468
v -0.33728636625430125 -1.7681170513116409 0.4671441035298944
v -0.35602449771287364 -1.8663457763845102 0.6335720517649468
v -0.1130229351527606 -1.7964481111708894 0.4671441035298944
v -0.11930198710569179 -1.8962507840137173 0.6335720517649468
v 0.11302293515276793 -1.796448111170889 0.4671441035298944
v 0.1193019871056995 -1.8962507840137168 0.6335720517649468
v 0.33728636625430847 -1.7681170513116393 0.4671441035298944
v 0.35602449771288125 -1.8663457763845088 0.6335720517649468
v 0.5562305898749098 -1.7119017293312757 0.4671441035298944
v 0.5871322893124049 -1.8070073809607914 0.6335720517649468
v 0.7664027248171353 -1.6286886944388335 0.4671441035298944
v 0.808980653973643 -1.7191713996854359 0.6335720517649468
v 0.9644882309621985 -1.5197902659036246 0.4671441035298944
v 1.0180709104600987 -1.6042230584538266 0.6335720517649468
v 1.147363181547646 -1.3869238369964176 0.4671441035298944
v 1.2111055805225155 -1.4639751612739969 0.6335720517649468
v 1.312143529358545 -1.2321847906716359 0.4671441035298944
v 1.3850403921006866 -1.300639501264505 0.6335720517649468
v 1.4562305898749093 -1.0580134541264472 0.4671441035298944
v 1.5371322893124046 -1.1167919793556944 0.6335720517649468
v 1.5773520240789578 -0.8671566133830823 0.4671441035298944
v 1.6649826920833448 -0.9153319807932537 0.6335720517649468
v 1.6735976745988554 -0.6626241948324143 0.4671441035298944
v 1.7665753231876813 -0.699436650100882 0.6335720517649468
v 1.7434496900315382 -0.447641796896732 0.4671441035298944
v 1.840308006144402 -0.47251078561321724 0.6335720517649468
v 1.7858064623660614 -0.22559982041574053 0.4671441035298944
v 1.8850179324975098 -0.23813314377217062 0.6335720517649468
v 1.8000000000000005 7.552732929608083e-15 0.4671441035298944
v 1.900000000000001 7.9723292034752e-15 0.6335720517649468
v 1.7858064623660597 0.22559982041575552 0.4671441035298944
v 1.8850179324975078 0.23813314377218645 0.6335720517649468
v 1.7434496900315344 0.44764179689674666 0.4671441035298944
v 1.840308006144398 0.4725107856132327 0.6335720517649468
v 1.67359767459885 0.6626241948324284 0.4671441035298944
v 1.7665753231876753 0.6994366501008968 0.6335720517649468
v 1.5773520240789507 0.8671566133830955 0.4671441035298944
v 1.6649826920833373 0.9153319807932676 0.6335720517649468
v 1.4562305898749004 1.0580134541264594 0.4671441035298944
v 1.5371322893123953 1.1167919793557073 0.6335720517649468
v 1.3121435293585348 1.2321847906716468 0.4671441035298944
v 1.385040392100676 1.3006395012645164 0.6335720517649468
v 1.1473631815476342 1.3869238369964272 0.4671441035298944
v 1.211105580522503 1.4639751612740068 0.6335720517649468
v 0.9644882309621856 1.5197902659036329 0.4671441035298944
v 1.0180709104600851 1.6042230584538353 0.6335720517649468
v 0.7664027248171216 1.6286886944388401 0.4671441035298944
v 0.8089806539736286 1.7191713996854427 0.6335720517649468
v 0.5562305898748954 1.7119017293312802 0.4671441035298944
v 0.5871322893123897 1.8070073809607963 0.6335720517649468
v 0.33728636625429365 1.7681170513116422 0.4671441035298944
v 0.3560244977128656 1.8663457763845117 0.6335720517649468
v 0.11302293515275284 1.79644811117089 0.4671441035298944
v 0.11930198710568359 1.8962507840137177 0.6335720517649468
v -0.11302293515277567 1.7964481111708885 0.4671441035298944
v -0.11930198710570768 1.8962507840137162 0.6335720517649468
v -0.3372863662543146 1.7681170513116382 0.4671441035298944
v -0.3560244977128877 1.8663457763845075 0.6335720517649468
v -0.556230589874914 1.711901729331274 0.4671441035298944
v -0.5871322893124095 1.8070073809607898 0.6335720517649468
v -0.766402724817138 1.6286886944388324 0.4671441035298944
v -0.8089806539736458 1.7191713996854345 0.6335720517649468
v -0.9644882309621996 1.5197902659036242 0.4671441035298944
v -1.0180709104600998 1.604223058453826 0.6335720517649468
v -1.147363181547646 1.3869238369964176 0.4671441035298944
v -1.2111055805225155 1.4639751612739969 0.6335720517649468
v -1.3121435293585437 1.232184790671637 0.4671441035298944
v -1.3850403921006855 1.300639501264506 0.6335720517649468
v -1.4562305898749073 1.0580134541264496 0.4671441035298944
v -1.5371322893124024 1.1167919793556973 0.6335720517649468
v -1.5773520240789556 0.8671566133830866 0.4671441035298944
v -1.6649826920833424 0.9153319807932584 0.6335720517649468
v -1.673597674598853 0.6626241948324205 0.4671441035298944
v -1.7665753231876786 0.6994366501008885 0.6335720517649468
v -1.7434496900315362 0.44764179689674 0.4671441035298944
v -1.8403080061444 0.4725107856132257 0.6335720517649468
v -1.7858064623660603 0.22559982041575027 0.4671441035298944
v -1.8850179324975085 0.23813314377218092 0.6335720517649468
v -1.7 -2.0818995585505e-16 0.3
v -1.7 -2.0818995585505e-16 0.300716155294842
v -1.7 -2.0818995585505e-16 0.300716155294842
v -1.6920637790200026 -0.16407366555467517 0.300716155294842
v -1.668329214437003 -0.32661541950130346 0.300716155294842
v -1.629017909485583 -0.4861076532777706 0.300716155294842
v -1.5744969032282206 -0.6410612308701434 0.300716155294842
v -1.5052752436104575 -0.7900293924744051 0.300716155294842
v -1.4219992346173866 -0.9316212625029373 0.300716155294842
v -1.3254464019074794 -1.0645148358151313 0.300716155294842
v -1.2165182332650075 -1.187469320923191 0.300716155294842
v -1.0962317616514916 -1.2993367249279408 0.300716155294842
v -0.9657100694429662 -1.3990725720192148 0.300716155294842
v -0.8261718025124314 -1.4857456554650799 0.300716155294842
v -0.6789197920616832 -1.5585467320381896 0.300716155294842
v -0.5253288904374108 -1.616796077701761 0.300716155294842
v -0.3668331345052703 -1.6599498340097625 0.300716155294842
v -0.20491235643404856 -1.687605085966692 0.300716155294842
v -0.04107836690142381 -1.699503623936328 0.300716155294842
v 0.12313916027499755 -1.6955343544755348 0.300716155294842
v 0.2862069702899675 -1.675734337583806 0.300716155294842
v 0.4466025429376001 -1.6402884406840368 0.300716155294842
v 0.6028283079723132 -1.589527612565204 0.300716155294842
v 0.7534256275187133 -1.5239257934026949 0.300716155294842
v 0.8969884149804288 -1.4440954897065836 0.300716155294842
v 1.0321762632918123 -1.3507820555133796 0.300716155294842
v 1.1577269599375586 -1.2448567332162117 0.300716155294842
v 1.2724682718908753 -1.127308519009348 0.300716155294842
v 1.375328890437414 -0.9992349288971998 0.300716155294842
v 1.4653484336960867 -0.8618317514830984 0.300716155294842
v 1.54168641344593 -0.7163818832132935 0.300716155294842
v 1.6036300825381655 -0.5642433503184917 0.300716155294842
v 1.6506010896242902 -0.4068366292888409 0.300716155294842
v 1.682160879066788 -0.24563138426766834 0.300716155294842
v 1.6980147856149557 -0.0821327451933536 0.300716155294842
v 1.6980147856149548 0.08213274519337088 0.300716155294842
v 1.6821608790667855 0.2456313842676855 0.300716155294842
v 1.6506010896242862 0.40683662928885767 0.300716155294842
v 1.6036300825381598 0.5642433503185079 0.300716155294842
v 1.5416864134459227 0.7163818832133092 0.300716155294842
v 1.465348433696078 0.8618317514831133 0.300716155294842
v 1.375328890437404 0.9992349288972138 0.300716155294842
v 1.272468271890864 1.1273085190093608 0.300716155294842
v 1.157726959937546 1.2448567332162235 0.300716155294842
v 1.0321762632917986 1.35078205551339 0.300716155294842
v 0.8969884149804142 1.4440954897065927 0.300716155294842
v 0.7534256275186977 1.5239257934027024 0.300716155294842
v 0.6028283079722971 1.5895276125652102 0.300716155294842
v 0.4466025429375835 1.6402884406840414 0.300716155294842
v 0.28620697028995046 1.675734337583809 0.300716155294842
v 0.12313916027498033 1.6955343544755361 0.300716155294842
v -0.04107836690144109 1.6995036239363275 0.300716155294842
v -0.20491235643406575 1.6876050859666898 0.300716155294842
v -0.36683313450528715 1.6599498340097587 0.300716155294842
v -0.5253288904374274 1.6167960777017556 0.300716155294842
v -0.6789197920616991 1.558546732038183 0.300716155294842
v -0.8261718025124465 1.4857456554650714 0.300716155294842
v -0.9657100694429805 1.399072572019205 0.300716155294842
v -1.096231761651505 1.2993367249279295 0.300716155294842
v -1.2165182332650197 1.1874693209231786 0.300716155294842
v -1.3254464019074907 1.0645148358151173 0.300716155294842
v -1.4219992346173966 0.9316212625029217 0.300716155294842
v -1.5052752436104666 0.7900293924743876 0.300716155294842
v -1.5744969032282283 0.6410612308701247 0.300716155294842
v -1.6290179094855888 0.4861076532777505 0.300716155294842
v -1.6683292144370072 0.32661541950128203 0.300716155294842
v -1.6920637790200048 0.16407366555465272 0.300716155294842
v -1.7 -2.0818995585505e-16 0.3
v -1.6920637790200026 -0.16407366555467517 0.3
v -1.668329214437003 -0.32661541950130346 0.3
v -1.629017909485583 -0.4861076532777706 0.3
v -1.5744969032282206 -0.6410612308701434 0.3
v -1.5052752436104575 -0.7900293924744051 0.3
v -1.4219992346173866 -0.9316212625029373 0.3
v -1.3254464019074794 -1.0645148358151313 0.3
v -1.2165182332650075 -1.187469320923191 0.3
v -1.0962317616514916 -1.2993367249279408 0.3
v -0.9657100694429662 -1.3990725720192148 0.3
v -0.8261718025124314 -1.4857456554650799 0.3
v -0.6789197920616832 -1.5585467320381896 0.3
v -0.5253288904374108 -1.616796077701761 0.3
v -0.3668331345052703 -1.6599498340097625 0.3
v -0.20491235643404856 -1.687605085966692 0.3
v -0.04107836690142381 -1.699503623936328 0.3
v 0.12313916027499755 -1.6955343544755348 0.3
v 0.2862069702899675 -1.675734337583806 0.3
v 0.4466025429376001 -1.6402884406840368 0.3
v 0.6028283079723132 -1.589527612565204 0.3
v 0.7534256275187133 -1.5239257934026949 0.3
v 0.8969884149804288 -1.4440954897065836 0.3
v 1.0321762632918123 -1.3507820555133796 0.3
v 1.1577269599375586 -1.2448567332162117 0.3
v 1.2724682718908753 -1.127308519009348 0.3
v 1.375328890437414 -0.9992349288971998 0.3
v 1.4653484336960867 -0.8618317514830984 0.3
v 1.54168641344593 -0.7163818832132935 0.3
v 1.6036300825381655 -0.5642433503184917 0.3
v 1.6506010896242902 -0.4068366292888409 0.3
v 1.682160879066788 -0.24563138426766834 0.3
v 1.6980147856149557 -0.0821327451933536 0.3
v 1.6980147856149548 0.08213274519337088 0.3
v 1.6821608790667855 0.2456313842676855 0.3
v 1.6506010896242862 0.40683662928885767 0.3
v 1.6036300825381598 0.5642433503185079 0.3
v 1.5416864134459227 0.7163818832133092 0.3
v 1.465348433696078 0.8618317514831133 0.3
v 1.375328890437404 0.9992349288972138 0.3
v 1.272468271890864 1.1273085190093608 0.3
v 1.157726959937546 1.2448567332162235 0.3
v 1.0321762632917986 1.35078205551339 0.3
v 0.8969884149804142 1.4440954897065927 0.3
v 0.7534256275186977 1.5239257934027024 0.3
v 0.6028283079722971 1.5895276125652102 0.3
v 0.4466025429375835 1.6402884406840414 0.3
v 0.28620697028995046 1.675734337583809 0.3
v 0.12313916027498033 1.6955343544755361 0.3
v -0.04107836690144109 1.6995036239363275 0.3
v -0.20491235643406575 1.6876050859666898 0.3
v -0.36683313450528715 1.6599498340097587 0.3
v -0.5253288904374274 1.6167960777017556 0.3
v -0.6789197920616991 1.558546732038183 0.3
v -0.8261718025124465 1.4857456554650714 0.3
v -0.9657100694429805 1.399072572019205 0.3
v -1.096231761651505 1.2993367249279295 0.3
v -1.2165182332650197 1.1874693209231786 0.3
v -1.3254464019074907 1.0645148358151173 0.3
v -1.4219992346173966 0.9316212625029217 0.3
v -1.5052752436104666 0.7900293924743876 0.3
v -1.5744969032282283 0.6410612308701247 0.3
v -1.6290179094855888 0.4861076532777505 0.3
v -1.6683292144370072 0.32661541950128203 0.3
v -1.6920637790200048 0.16407366555465272 0.3
v 0.55 -6.73555739531044e-17 -0.57
v 0.55 -6.73555739531044e-17 -0.7
v 0.55 -6.73555739531044e-17 -0.7
v 0.5420887506912397 -0.09295045117701689 -0.7
v 0.5185825950035964 -0.18322688710813156 -0.7
v 0.4801577622386536 -0.2682322190974989 -0.7
v 0.4279196648751419 -0.34552099851260315 -0.7
v 0.363371097864545 -0.4128697678889982 -0.7
v 0.2883690059564777 -0.46834102575332115 -0.7
v 0.2050710627791698 -0.5103389650130801 -0.7
v 0.11587359849764936 -0.5376553814212275 -0.7
v 0.023342661757881238 -0.5495044314125749 -0.7
v -0.06985980086078386 -0.5455452393923822 -0.7
v -0.16105252420210345 -0.5258917041065878 -0.7
v -0.2476120596497212 -0.49110922198226226 -0.7
v -0.3270482469673586 -0.44219842170181667 -0.7
v -0.39707585167498943 -0.38056637793764947 -0.7
v -0.4556803070841141 -0.3079861323756762 -0.7
v -0.5011756697134754 -0.22654568653419435 -0.7
v -0.5322531208134249 -0.13858793376181694 -0.7
v -0.5480186186983899 -0.046643258461527864 -0.7
v -0.5480186186983894 0.046643258461532465 -0.7
v -0.5322531208134238 0.1385879337618214 -0.7
v -0.5011756697134735 0.22654568653419857 -0.7
v -0.4556803070841115 0.30798613237568 -0.7
v -0.39707585167498627 0.38056637793765274 -0.7
v -0.3270482469673549 0.4421984217018194 -0.7
v -0.24761205964971705 0.49110922198226437 -0.7
v -0.16105252420209903 0.5258917041065891 -0.7
v -0.06985980086077928 0.5455452393923829 -0.7
v 0.023342661757885845 0.5495044314125747 -0.7
v 0.1158735984976534 0.5376553814212266 -0.7
v 0.20507106277917367 0.5103389650130786 -0.7
v 0.28836900595648124 0.46834102575331893 -0.7
v 0.36337109786454835 0.4128697678889954 -0.7
v 0.4279196648751448 0.34552099851259954 -0.7
v 0.48015776223865597 0.2682322190974946 -0.7
v 0.518582595003598 0.18322688710812673 -0.7
v 0.5420887506912406 0.09295045117701162 -0.7
v 0.55 -6.73555739531044e-17 -0.57
v 0.5420887506912397 -0.09295045117701689 -0.57
v 0.5185825950035964 -0.18322688710813156 -0.57
v 0.4801577622386536 -0.2682322190974989 -0.57
v 0.4279196648751419 -0.34552099851260315 -0.57
v 0.363371097864545 -0.4128697678889982 -0.57
v 0.2883690059564777 -0.46834102575332115 -0.57
v 0.2050710627791698 -0.5103389650130801 -0.57
v 0.11587359849764936 -0.5376553814212275 -0.57
v 0.023342661757881238 -0.5495044314125749 -0.57
v -0.06985980086078386 -0.5455452393923822 -0.57
v -0.16105252420210345 -0.5258917041065878 -0.57
v -0.2476120596497212 -0.49110922198226226 -0.57
v -0.3270482469673586 -0.44219842170181667 -0.57
v -0.39707585167498943 -0.38056637793764947 -0.57
v -0.4556803070841141 -0.3079861323756762 -0.57
v -0.5011756697134754 -0.22654568653419435 -0.57
v -0.5322531208134249 -0.13858793376181694 -0.57
v -0.5480186186983899 -0.046643258461527864 -0.57
v -0.5480186186983894 0.046643258461532465 -0.57
v -0.5322531208134238 0.1385879337618214 -0.57
v -0.5011756697134735 0.22654568653419857 -0.57
v -0.4556803070841115 0.30798613237568 -0.57
v -0.39707585167498627 0.38056637793765274 -0.57
v -0.3270482469673549 0.4421984217018194 -0.57
v -0.24761205964971705 0.49110922198226437 -0.57
v -0.16105252420209903 0.5258917041065891 -0.57
v -0.06985980086077928 0.5455452393923829 -0.57
v 0.023342661757885845 0.5495044314125747 -0.57
v 0.1158735984976534 0.5376553814212266 -0.57
v 0.20507106277917367 0.5103389650130786 -0.57
v 0.28836900595648124 0.46834102575331893 -0.57
v 0.36337109786454835 0.4128697678889954 -0.57
v 0.4279196648751448 0.34552099851259954 -0.57
v 0.48015776223865597 0.2682322190974946 -0.57
v 0.518582595003598 0.18322688710812673 -0.57
v 0.5420887506912406 0.09295045117701162 -0.57
v -1.7 -2.1 -0.57
v -1.7 -1.2 -0.57
v -2.4 -2.1 -0.57
v -2.47012756580867 -2.1 -0.57
v -2.47012756580867 -2.2 -0.57
v -1.6 -2.2 -0.57
v -1.6 -1.1 -0.57
v -2.47012756580867 -1.1 -0.57
v -2.47012756580867 -1.2 -0.57
v -2.4 -1.2 -0.57
v -1.7 1.2 -0.57
v -1.7 2.1 -0.57
v -2.4 2.1 -0.57
v -2.47012756580867 2.1 -0.57
v -2.47012756580867 2.2 -0.57
v -1.6 2.2 -0.57
v -1.6 1.1 -0.57
v -2.47012756580867 1.1 -0.57
v -2.47012756580867 1.2 -0.57
v -2.4 1.2 -0.57
v 2.4 -1.2 -0.57
v 2.47012756580867 -1.2 -0.57
v 1.7 -1.2 -0.57
v 1.7 -2.1 -0.57
v 2.4 -2.1 -0.57
v 2.47012756580867 -2.1 -0.57
v 2.47012756580867 -2.2 -0.57
v 1.6 -2.2 -0.57
v 1.6 -1.1 -0.57
v 2.47012756580867 -1.1 -0.57
v 2.47012756580867 2.1 -0.57
v 2.4 2.1 -0.57
v 2.47012756580867 2.2 -0.57
v 1.6 2.2 -0.57
v 1.6 1.1 -0.57
v 2.47012756580867 1.1 -0.57
v 2.47012756580867 1.2 -0.57
v 2.4 1.2 -0.57
v 1.7 1.2 -0.57
v 1.7 2.1 -0.57
v 2.47171600080597 -2.1 -0.539690854697004
v 2.47012756580867 -2.1 -0.57
v 2.47171600080597 -1.2 -0.539690854697004
v 2.47012756580867 -1.2 -0.57
v 2.47012756580867 -1.1 -0.57
v 2.46331455450187 -1.1 -0.7
v 2.46331455450187 1.1 -0.7
v 2.47012756580867 1.1 -0.57
v 2.47012756580867 1.2 -0.57
v 2.47171600080597 1.2 -0.539690854697004
v 2.47171600080597 2.1 -0.539690854697004
v 2.47012756580867 2.1 -0.57
v 2.47012756580867 2.2 -0.57
v 2.46331455450187 2.2 -0.7
v 2.46331455450187 2.46331455450187 -0.7
v 2.5 2.5 0
v 2.5 -2.5 0
v 2.46331455450187 -2.46331455450187 -0.7
v 2.46331455450187 -2.2 -0.7
v 2.47012756580867 -2.2 -0.57
v 2.49911710266601 -1.2 -0.0168466847110986
v 2.49911710266601 -2.1 -0.0168466847110986
v 2.48687332050637 -1.2 -0.250471965673995
v 2.48687332050637 -2.1 -0.250471965673995
v 2.49911710266601 2.1 -0.0168466847110986
v 2.49911710266601 1.2 -0.0168466847110986
v 2.48687332050637 2.1 -0.250471965673995
v 2.48687332050637 1.2 -0.250471965673995
v -2.5 -2.5 0
v 2.5 -2.5 0
v -2.46331455450187 -2.46331455450187 -0.7
v 2.46331455450187 -2.46331455450187 -0.7
v -2.47012756580867 -2.1 -0.57
v -2.47171600080597 -2.1 -0.539690854697004
v -2.47012756580867 -2.2 -0.57
v -2.46331455450187 -2.2 -0.7
v -2.46331455450187 -2.46331455450187 -0.7
v -2.5 -2.5 0
v -2.5 2.5 0
v -2.46331455450187 2.46331455450187 -0.7
v -2.46331455450187 2.2 -0.7
v -2.47012756580867 2.2 -0.57
v -2.47012756580867 2.1 -0.57
v -2.47171600080597 2.1 -0.539690854697004
v -2.47171600080597 1.2 -0.539690854697004
v -2.47012756580867 1.2 -0.57
v -2.47012756580867 1.1 -0.57
v -2.46331455450187 1.1 -0.7
v -2.46331455450187 -1.1 -0.7
v -2.47012756580867 -1.1 -0.57
v -2.47012756580867 -1.2 -0.57
v -2.47171600080597 -1.2 -0.539690854697004
v -2.49911710266601 -2.1 -0.0168466847110986
v -2.49911710266601 -1.2 -0.0168466847110986
v -2.48687332050637 -2.1 -0.250471965673995
v -2.48687332050637 -1.2 -0.250471965673995
v -2.49911710266601 1.2 -0.0168466847110986
v -2.49911710266601 2.1 -0.0168466847110986
v -2.48687332050637 1.2 -0.250471965673995
v -2.48687332050637 2.1 -0.250471965673995
v 2.5 2.5 0
v -2.5 2.5 0
v 2.46331455450187 2.46331455450187 -0.7
v -2.46331455450187 2.46331455450187 -0.7
v -1.6 -1.1 -0.7
v -2.46331455450187 -1.1 -0.7
v -1.6 -2.2 -0.7
v -2.46331455450187 -2.2 -0.7
v -2.46331455450187 -2.46331455450187 -0.7
v 2.46331455450187 -2.46331455450187 -0.7
v 2.46331455450187 -2.2 -0.7
v 1.6 -2.2 -0.7
v 1.6 -1.1 -0.7
v 2.46331455450187 -1.1 -0.7
v 2.46331455450187 1.1 -0.7
v 1.6 1.1 -0.7
v 1.6 2.2 -0.7
v 2.46331455450187 2.2 -0.7
v 2.46331455450187 2.46331455450187 -0.7
v -2.46331455450187 2.46331455450187 -0.7
v -2.46331455450187 2.2 -0.7
v -1.6 2.2 -0.7
v -1.6 1.1 -0.7
v -2.46331455450187 1.1 -0.7
v -0.55 1.05 -0.7
v -0.55 2.25483498960733 -0.7
v 0.55 2.25483498960733 -0.7
v 0.55 1.05 -0.7
v -0.55 -2.24066769290268 -0.7
v -0.55 -1.05 -0.7
v 0.55 -1.05 -0.7
v 0.55 -2.24066769290268 -0.7
v 0.55 -6.73555739531044e-17 -0.7
v 0.5420887506912397 -0.09295045117701689 -0.7
v 0.5185825950035964 -0.18322688710813156 -0.7
v 0.4801577622386536 -0.2682322190974989 -0.7
v 0.4279196648751419 -0.34552099851260315 -0.7
v 0.363371097864545 -0.4128697678889982 -0.7
v 0.2883690059564777 -0.46834102575332115 -0.7
v 0.2050710627791698 -0.5103389650130801 -0.7
v 0.11587359849764936 -0.5376553814212275 -0.7
v 0.023342661757881238 -0.5495044314125749 -0.7
v -0.06985980086078386 -0.5455452393923822 -0.7
v -0.16105252420210345 -0.5258917041065878 -0.7
v -0.2476120596497212 -0.49110922198226226 -0.7
v -0.3270482469673586 -0.44219842170181667 -0.7
v -0.39707585167498943 -0.38056637793764947 -0.7
v -0.4556803070841141 -0.3079861323756762 -0.7
v -0.5011756697134754 -0.22654568653419435 -0.7
v -0.5322531208134249 -0.13858793376181694 -0.7
v -0.5480186186983899 -0.046643258461527864 -0.7
v -0.5480186186983894 0.046643258461532465 -0.7
v -0.5322531208134238 0.1385879337618214 -0.7
v -0.5011756697134735 0.22654568653419857 -0.7
v -0.4556803070841115 0.30798613237568 -0.7
v -0.39707585167498627 0.38056637793765274 -0.7
v -0.3270482469673549 0.4421984217018194 -0.7
v -0.24761205964971705 0.49110922198226437 -0.7
v -0.16105252420209903 0.5258917041065891 -0.7
v -0.06985980086077928 0.5455452393923829 -0.7
v 0.023342661757885845 0.5495044314125747 -0.7
v 0.1158735984976534 0.5376553814212266 -0.7
v 0.20507106277917367 0.5103389650130786 -0.7
v 0.28836900595648124 0.46834102575331893 -0.7
v 0.36337109786454835 0.4128697678889954 -0.7
v 0.4279196648751448 0.34552099851259954 -0.7
v 0.48015776223865597 0.2682322190974946 -0.7
v 0.518582595003598 0.18322688710812673 -0.7
v 0.5420887506912406 0.09295045117701162 -0.7
v 0.55 -6.73555739531044e-17 -0.57
v 0.5420887506912397 -0.09295045117701689 -0.57
v 0.5185825950035964 -0.18322688710813156 -0.57
v 0.4801577622386536 -0.2682322190974989 -0.57
v 0.4279196648751419 -0.34552099851260315 -0.57
v 0.363371097864545 -0.4128697678889982 -0.57
v 0.2883690059564777 -0.46834102575332115 -0.57
v 0.2050710627791698 -0.5103389650130801 -0.57
v 0.11587359849764936 -0.5376553814212275 -0.57
v 0.023342661757881238 -0.5495044314125749 -0.57
v -0.06985980086078386 -0.5455452393923822 -0.57
v -0.16105252420210345 -0.5258917041065878 -0.57
v -0.2476120596497212 -0.49110922198226226 -0.57
v -0.3270482469673586 -0.44219842170181667 -0.57
v -0.39707585167498943 -0.38056637793764947 -0.57
v -0.4556803070841141 -0.3079861323756762 -0.57
v -0.5011756697134754 -0.22654568653419435 -0.57
v -0.5322531208134249 -0.13858793376181694 -0.57
v -0.5480186186983899 -0.046643258461527864 -0.57
v -0.5480186186983894 0.046643258461532465 -0.57
v -0.5322531208134238 0.1385879337618214 -0.57
v -0.5011756697134735 0.22654568653419857 -0.57
v -0.4556803070841115 0.30798613237568 -0.57
v -0.39707585167498627 0.38056637793765274 -0.57
v -0.3270482469673549 0.4421984217018194 -0.57
v -0.24761205964971705 0.49110922198226437 -0.57
v -0.16105252420209903 0.5258917041065891 -0.57
v -0.06985980086077928 0.5455452393923829 -0.57
v 0.023342661757885845 0.5495044314125747 -0.57
v 0.1158735984976534 0.5376553814212266 -0.57
v 0.20507106277917367 0.5103389650130786 -0.57
v 0.28836900595648124 0.46834102575331893 -0.57
v 0.36337109786454835 0.4128697678889954 -0.57
v 0.4279196648751448 0.34552099851259954 -0.57
v 0.48015776223865597 0.2682322190974946 -0.57
v 0.518582595003598 0.18322688710812673 -0.57
v 0.5420887506912406 0.09295045117701162 -0.57
v 0.55 -1.05 -0.57
v 0.55 -1.05 -0.7
v 0.55 -2.24066769290268 -0.57
v 0.55 -2.24066769290268 -0.7
v -0.55 -1.05 -0.57
v -0.55 -1.05 -0.7
v 0.55 -1.05 -0.57
v 0.55 -1.05 -0.7
v -0.55 -2.24066769290268 -0.57
v -0.55 -2.24066769290268 -0.7
v -0.55 -1.05 -0.57
v -0.55 -1.05 -0.7
v 0.55 -2.24066769290268 -0.57
v 0.55 -2.24066769290268 -0.7
v -0.55 -2.24066769290268 -0.57
v -0.55 -2.24066769290268 -0.7
v 0.55 -1.05 -0.57
v 0.55 -2.24066769290268 -0.57
v -0.55 -2.24066769290268 -0.57
v -0.55 -1.05 -0.57
v 0.55 2.25483498960733 -0.57
v 0.55 2.25483498960733 -0.7
v 0.55 1.05 -0.57
v 0.55 1.05 -0.7
v -0.55 2.25483498960733 -0.57
v -0.55 2.25483498960733 -0.7
v 0.55 2.25483498960733 -0.57
v 0.55 2.25483498960733 -0.7
v -0.55 1.05 -0.57
v -0.55 1.05 -0.7
v -0.55 2.25483498960733 -0.57
v -0.55 2.25483498960733 -0.7
v 0.55 1.05 -0.57
v 0.55 1.05 -0.7
v -0.55 1.05 -0.57
v -0.55 1.05 -0.7
v 0.55 2.25483498960733 -0.57
v 0.55 1.05 -0.57
v -0.55 1.05 -0.57
v -0.55 2.25483498960733 -0.57
v -1.6 -1.1 -0.57
v -1.6 -1.1 -0.7
v -1.6 -2.2 -0.57
v -1.6 -2.2 -0.7
v -2.47012756580867 -1.1 -0.57
v -1.6 -1.1 -0.57
v -1.6 -1.1 -0.7
v -2.46331455450187 -1.1 -0.7
v -1.6 -2.2 -0.7
v -2.46331455450187 -2.2 -0.7
v -1.6 -2.2 -0.57
v -2.47012756580867 -2.2 -0.57
v 1.6 -2.2 -0.57
v 1.6 -2.2 -0.7
v 1.6 -1.1 -0.57
v 1.6 -1.1 -0.7
v 2.47012756580867 -2.2 -0.57
v 1.6 -2.2 -0.57
v 1.6 -2.2 -0.7
v 2.46331455450187 -2.2 -0.7
v 1.6 -1.1 -0.7
v 2.46331455450187 -1.1 -0.7
v 1.6 -1.1 -0.57
v 2.47012756580867 -1.1 -0.57
v 1.6 2.2 -0.7
v 2.46331455450187 2.2 -0.7
v 1.6 2.2 -0.57
v 2.47012756580867 2.2 -0.57
v 1.6 1.1 -0.57
v 1.6 1.1 -0.7
v 1.6 2.2 -0.57
v 1.6 2.2 -0.7
v 2.47012756580867 1.1 -0.57
v 1.6 1.1 -0.57
v 1.6 1.1 -0.7
v 2.46331455450187 1.1 -0.7
v -1.6 1.1 -0.7
v -2.46331455450187 1.1 -0.7
v -1.6 1.1 -0.57
v -2.47012756580867 1.1 -0.57
v -1.6 2.2 -0.57
v -1.6 2.2 -0.7
v -1.6 1.1 -0.57
v -1.6 1.1 -0.7
v -2.47012756580867 2.2 -0.57
v -1.6 2.2 -0.57
v -1.6 2.2 -0.7
v -2.46331455450187 2.2 -0.7
v 2.5 -2.5 0
v 2.5 2.5 0
v 2.43000906917926 2.43000906917926 0.8
v 2.43000906917926 -2.43000906917926 0.8
v -2.46500453458963 2.46500453458963 0.4
v -1.68000906917926 2.46500453458963 0.4
v -1.68000906917926 2.43000906917926 0.8
v 2.43000906917926 2.43000906917926 0.8
v 2.5 2.5 0
v -2.5 2.5 0
v -2.43000906917926 1.68000906917926 0.8
v -2.43000906917926 -2.43000906917926 0.8
v -2.46500453458963 1.68000906917926 0.4
v -2.46500453458963 2.46500453458963 0.4
v -2.5 2.5 0
v -2.5 -2.5 0
v -2.5 -2.5 0
v 2.5 -2.5 0
v 2.43000906917926 -2.43000906917926 0.8
v -2.43000906917926 -2.43000906917926 0.8
v -2.43000906917926 1.68000906917926 0.8
v -1.68000906917926 2.43000906917926 0.8
v -2.43000906917926 -2.43000906917926 0.8
v 2.43000906917926 -2.43000906917926 0.8
v 2.43000906917926 2.43000906917926 0.8
v -2 -2.44929359829471e-16 0.8
v -1.9921736441498896 0.1767602091946851 0.8
v -1.9687558284454512 0.35213703009207287 0.8
v -1.9299298290456197 0.524757901283959 0.8
v -1.8759995120379345 0.6932718304052399 0.8
v -1.807386955274407 0.856359967480912 0.8
v -1.7246291450400546 1.0127459267152894 0.8
v -1.628373773407147 1.1612057759414434 0.8
v -1.519374169166568 1.300577615549876 0.8
v -1.3984834020086259 1.4297706719283272 0.8
v -1.2666476060960912 1.5477738342442158 0.8
v -1.1248985752815588 1.653663567757819 0.8
v -0.9743456879215908 1.7466111417337868 0.8
v -0.8161672244869279 1.8258891153827783 0.8
v -0.6516011459202335 1.8908770310719412 0.8
v -0.4819354049132278 1.9410662702471349 0.8
v -0.3084978659306041 1.9760640340627282 0.8
v -0.13264591287020788 1.9955964175651422 0.8
v 0.0442441743063733 1.999510553370486 0.8
v 0.22078799083053852 1.9877758080591015 0.8
v 0.39560384197103304 1.960484021923606 0.8
v 0.5673235566685915 1.9178487901940808 0.8
v 0.7346031953295112 1.8602037913657934 0.8
v 0.8961335679751542 1.7880001757125528 0.8
v 1.0506504804285945 1.7018030344241262 0.8
v 1.1969446283481116 1.6022869770014987 0.8
v 1.333871061673298 1.4902308515228602 0.8
v 1.460358145411665 1.3665116491013907 0.8
v 1.5754159466354332 1.2320976402407326 0.8
v 1.678143982048894 1.0880407968054697 0.8
v 1.7677382654911191 0.9354685589149694 0.8
v 1.843497600217754 0.7755750111958107 0.8
v 1.9048290667162604 0.6096115374505804 0.8
v 1.9512526631050118 0.438877026882929 0.8
v 1.982405061798828 0.2647077085284534 0.8
v 1.9980424530399468 0.08846669345076681 0.8
v 1.9980424530399477 -0.08846669345074809 0.8
v 1.9824050617988305 -0.26470770852843484 0.8
v 1.951252663105016 -0.43887702688291075 0.8
v 1.9048290667162662 -0.6096115374505626 0.8
v 1.8434976002177612 -0.7755750111957935 0.8
v 1.767738265491128 -0.9354685589149528 0.8
v 1.6781439820489041 -1.088040796805454 0.8
v 1.5754159466354447 -1.232097640240718 0.8
v 1.4603581454116779 -1.366511649101377 0.8
v 1.333871061673312 -1.4902308515228475 0.8
v 1.1969446283481266 -1.6022869770014874 0.8
v 1.0506504804286105 -1.7018030344241162 0.8
v 0.896133567975171 -1.7880001757125443 0.8
v 0.7346031953295287 -1.8602037913657865 0.8
v 0.5673235566686095 -1.9178487901940755 0.8
v 0.3956038419710514 -1.9604840219236022 0.8
v 0.22078799083055714 -1.9877758080590995 0.8
v 0.04424417430639204 -1.9995105533704856 0.8
v -0.13264591287018918 -1.9955964175651435 0.8
v -0.3084978659305873 -1.976064034062731 0.8
v -0.4819354049132113 -1.9410662702471388 0.8
v -0.6516011459202176 -1.8908770310719467 0.8
v -0.8161672244869125 -1.8258891153827852 0.8
v -0.9743456879215759 -1.746611141733795 0.8
v -1.1248985752815448 -1.6536635677578286 0.8
v -1.266647606096078 -1.5477738342442267 0.8
v -1.398483402008613 -1.4297706719283396 0.8
v -1.5193741691665559 -1.3005776155498903 0.8
v -1.6283737734071355 -1.1612057759414594 0.8
v -1.7246291450400442 -1.0127459267153072 0.8
v -1.8073869552743977 -0.8563599674809314 0.8
v -1.8759995120379267 -0.6932718304052609 0.8
v -1.9299298290456135 -0.5247579012839815 0.8
v -1.968755828445447 -0.35213703009209657 0.8
v -1.9921736441498874 -0.17676020919470997 0.8
v 2.5 2.1 -0.3
v 2.5 2.1 -0.47
v 2.7 2.1 -0.3
v 2.7 2.1 -0.470000000000001
v 2.7 2.1 -0.3
v 2.7 2.1 -0.470000000000001
v 2.7 1.2 -0.3
v 2.7 1.2 -0.470000000000001
v 2.5 1.2 -0.47
v 2.5 1.2 -0.3
v 2.5 2.1 -0.47
v 2.5 2.1 -0.3
v 1.7 2.1 -0.57
v 2.4 2.1 -0.57
v 1.7 2.1 -0.77
v 2.4 2.1 -0.77
v 2.4 1.2 -0.77
v 1.7 1.2 -0.77
v 1.7 1.2 -0.57
v 2.4 1.2 -0.57
v 1.7 2.1 -0.77
v 2.4 2.1 -0.77
v 1.7 1.2 -0.77
v 2.4 1.2 -0.77
v 1.7 1.2 -0.77
v 1.7 1.2 -0.57
v 1.7 2.1 -0.77
v 1.7 2.1 -0.57
v 2.47171600080597 1.2 -0.539690854697004
v 2.483738854664324 1.2 -0.5246608106371214
v 2.4926595922735384 1.2 -0.5076058500728495
v 2.4981477438032935 1.2 -0.48915777613198047
v 2.5 1.2 -0.47
v 2.47012756580867 1.2 -0.57
v 2.4 1.2 -0.57
v 2.4 1.2 -0.77
v 2.466756280186894 1.2 -0.7624783736545471
v 2.530165121735267 1.2 -0.7402906603707258
v 2.5870469405576197 1.2 -0.7045494447404091
v 2.6345494447404083 1.2 -0.6570469405576205
v 2.6702906603707253 1.2 -0.6001651217352681
v 2.692478373654547 1.2 -0.5367562801868954
v 2.7 1.2 -0.470000000000001
v 2.4 2.1 -0.57
v 2.4 2.1 -0.77
v 2.7 2.1 -0.470000000000001
v 2.692478373654547 2.1 -0.5367562801868951
v 2.6702906603707253 2.1 -0.6001651217352679
v 2.6345494447404088 2.1 -0.6570469405576205
v 2.5870469405576197 2.1 -0.7045494447404091
v 2.530165121735267 2.1 -0.7402906603707258
v 2.4667562801868943 2.1 -0.7624783736545471
v 2.5 2.1 -0.47
v 2.498147743803293 2.1 -0.4891577761319805
v 2.4926595922735384 2.1 -0.5076058500728495
v 2.483738854664324 2.1 -0.5246608106371213
v 2.47171600080597 2.1 -0.539690854697004
v 2.47012756580867 2.1 -0.57
v 2.4 2.1 -0.77
v 2.4 1.2 -0.77
v 2.7 2.1 -0.470000000000001
v 2.692478373654547 2.1 -0.5367562801868951
v 2.6702906603707253 2.1 -0.6001651217352679
v 2.6345494447404088 2.1 -0.6570469405576205
v 2.5870469405576197 2.1 -0.7045494447404091
v 2.530165121735267 2.1 -0.7402906603707258
v 2.4667562801868943 2.1 -0.7624783736545471
v 2.7 1.2 -0.470000000000001
v 2.466756280186894 1.2 -0.7624783736545471
v 2.530165121735267 1.2 -0.7402906603707258
v 2.5870469405576197 1.2 -0.7045494447404091
v 2.6345494447404083 1.2 -0.6570469405576205
v 2.6702906603707253 1.2 -0.6001651217352681
v 2.692478373654547 1.2 -0.5367562801868954
v 2.5 2.1 -0.47
v 2.498147743803293 2.1 -0.4891577761319805
v 2.4926595922735384 2.1 -0.5076058500728495
v 2.483738854664324 2.1 -0.5246608106371213
v 2.47171600080597 2.1 -0.539690854697004
v 2.5 1.2 -0.47
v 2.47171600080597 1.2 -0.539690854697004
v 2.483738854664324 1.2 -0.5246608106371214
v 2.4926595922735384 1.2 -0.5076058500728495
v 2.4981477438032935 1.2 -0.48915777613198047
v 2.5 1.2 -0.3
v 2.7 1.2 -0.3
v 2.5 1.2 -0.47
v 2.7 1.2 -0.470000000000001
v 2.7 1.2 -0.3
v 2.693676707764138 1.2 -0.23873017613198802
v 2.674973391221219 1.2 -0.1800431989410241
v 2.6446784939464476 1.2 -0.12641303447522742
v 2.604069105864649 1.2 -0.08010047741842857
v 2.5548571271648957 1.2 -0.04305784665369555
v 2.49911710266601 1.2 -0.0168466847110986
v 2.48687332050637 1.2 -0.250471965673995
v 2.5 1.2 -0.3
v 2.4985121088519406 1.2 -0.28281383086480805
v 2.494092711809132 1.2 -0.2661390847081222
v 2.5 2.1 -0.3
v 2.7 2.1 -0.3
v 2.49911710266601 2.1 -0.0168466847110986
v 2.554857127164895 2.1 -0.043057846653695275
v 2.604069105864649 2.1 -0.0801004774184283
v 2.644678493946447 2.1 -0.1264130344752271
v 2.6749733912212186 2.1 -0.18004319894102377
v 2.693676707764138 2.1 -0.23873017613198771
v 2.48687332050637 2.1 -0.250471965673995
v 2.494092711809132 2.1 -0.2661390847081222
v 2.4985121088519406 2.1 -0.28281383086480805
v 2.49911710266601 2.1 -0.0168466847110986
v 2.554857127164895 2.1 -0.043057846653695275
v 2.604069105864649 2.1 -0.0801004774184283
v 2.644678493946447 2.1 -0.1264130344752271
v 2.6749733912212186 2.1 -0.18004319894102377
v 2.693676707764138 2.1 -0.23873017613198771
v 2.7 2.1 -0.3
v 2.49911710266601 1.2 -0.0168466847110986
v 2.7 1.2 -0.3
v 2.693676707764138 1.2 -0.23873017613198802
v 2.674973391221219 1.2 -0.1800431989410241
v 2.6446784939464476 1.2 -0.12641303447522742
v 2.604069105864649 1.2 -0.08010047741842857
v 2.5548571271648957 1.2 -0.04305784665369555
v 2.5 1.2 -0.3
v 2.4985121088519406 1.2 -0.28281383086480805
v 2.494092711809132 1.2 -0.2661390847081222
v 2.48687332050637 1.2 -0.250471965673995
v 2.5 2.1 -0.3
v 2.48687332050637 2.1 -0.250471965673995
v 2.494092711809132 2.1 -0.2661390847081222
v 2.4985121088519406 2.1 -0.28281383086480805
v 2.5 -1.2 -0.3
v 2.5 -1.2 -0.47
v 2.7 -1.2 -0.3
v 2.7 -1.2 -0.470000000000001
v 2.7 -1.2 -0.3
v 2.7 -1.2 -0.470000000000001
v 2.7 -2.1 -0.3
v 2.7 -2.1 -0.470000000000001
v 2.5 -2.1 -0.47
v 2.5 -2.1 -0.3
v 2.5 -1.2 -0.47
v 2.5 -1.2 -0.3
v 1.7 -1.2 -0.57
v 2.4 -1.2 -0.57
v 1.7 -1.2 -0.77
v 2.4 -1.2 -0.77
v 2.4 -2.1 -0.77
v 1.7 -2.1 -0.77
v 1.7 -2.1 -0.57
v 2.4 -2.1 -0.57
v 1.7 -1.2 -0.77
v 2.4 -1.2 -0.77
v 1.7 -2.1 -0.77
v 2.4 -2.1 -0.77
v 1.7 -2.1 -0.77
v 1.7 -2.1 -0.57
v 1.7 -1.2 -0.77
v 1.7 -1.2 -0.57
v 2.47171600080597 -2.1 -0.539690854697004
v 2.483738854664324 -2.1 -0.5246608106371214
v 2.4926595922735384 -2.1 -0.5076058500728495
v 2.4981477438032935 -2.1 -0.48915777613198047
v 2.5 -2.1 -0.47
v 2.47012756580867 -2.1 -0.57
v 2.4 -2.1 -0.57
v 2.4 -2.1 -0.77
v 2.466756280186894 -2.1 -0.7624783736545471
v 2.530165121735267 -2.1 -0.7402906603707258
v 2.5870469405576197 -2.1 -0.7045494447404091
v 2.6345494447404083 -2.1 -0.6570469405576205
v 2.6702906603707253 -2.1 -0.6001651217352681
v 2.692478373654547 -2.1 -0.5367562801868954
v 2.7 -2.1 -0.470000000000001
v 2.4 -1.2 -0.57
v 2.4 -1.2 -0.77
v 2.7 -1.2 -0.470000000000001
v 2.692478373654547 -1.2 -0.5367562801868951
v 2.6702906603707253 -1.2 -0.6001651217352679
v 2.6345494447404088 -1.2 -0.6570469405576205
v 2.5870469405576197 -1.2 -0.7045494447404091
v 2.530165121735267 -1.2 -0.7402906603707258
v 2.4667562801868943 -1.2 -0.7624783736545471
v 2.5 -1.2 -0.47
v 2.498147743803293 -1.2 -0.4891577761319805
v 2.4926595922735384 -1.2 -0.5076058500728495
v 2.483738854664324 -1.2 -0.5246608106371213
v 2.47171600080597 -1.2 -0.539690854697004
v 2.47012756580867 -1.2 -0.57
v 2.4 -1.2 -0.77
v 2.4 -2.1 -0.77
v 2.7 -1.2 -0.470000000000001
v 2.692478373654547 -1.2 -0.5367562801868951
v 2.6702906603707253 -1.2 -0.6001651217352679
v 2.6345494447404088 -1.2 -0.6570469405576205
v 2.5870469405576197 -1.2 -0.7045494447404091
v 2.530165121735267 -1.2 -0.7402906603707258
v 2.4667562801868943 -1.2 -0.7624783736545471
v 2.7 -2.1 -0.470000000000001
v 2.466756280186894 -2.1 -0.7624783736545471
v 2.530165121735267 -2.1 -0.7402906603707258
v 2.5870469405576197 -2.1 -0.7045494447404091
v 2.6345494447404083 -2.1 -0.6570469405576205
v 2.6702906603707253 -2.1 -0.6001651217352681
v 2.692478373654547 -2.1 -0.5367562801868954
v 2.5 -1.2 -0.47
v 2.498147743803293 -1.2 -0.4891577761319805
v 2.4926595922735384 -1.2 -0.5076058500728495
v 2.483738854664324 -1.2 -0.5246608106371213
v 2.47171600080597 -1.2 -0.539690854697004
v 2.5 -2.1 -0.47
v 2.47171600080597 -2.1 -0.539690854697004
v 2.483738854664324 -2.1 -0.5246608106371214
v 2.4926595922735384 -2.1 -0.5076058500728495
v 2.4981477438032935 -2.1 -0.48915777613198047
v 2.5 -2.1 -0.3
v 2.7 -2.1 -0.3
v 2.5 -2.1 -0.47
v 2.7 -2.1 -0.470000000000001
v 2.7 -2.1 -0.3
v 2.693676707764138 -2.1 -0.23873017613198802
v 2.674973391221219 -2.1 -0.1800431989410241
v 2.6446784939464476 -2.1 -0.12641303447522742
v 2.604069105864649 -2.1 -0.08010047741842857
v 2.5548571271648957 -2.1 -0.04305784665369555
v 2.49911710266601 -2.1 -0.0168466847110986
v 2.48687332050637 -2.1 -0.250471965673995
v 2.5 -2.1 -0.3
v 2.4985121088519406 -2.1 -0.28281383086480805
v 2.494092711809132 -2.1 -0.2661390847081222
v 2.5 -1.2 -0.3
v 2.7 -1.2 -0.3
v 2.49911710266601 -1.2 -0.0168466847110986
v 2.554857127164895 -1.2 -0.043057846653695275
v 2.604069105864649 -1.2 -0.0801004774184283
v 2.644678493946447 -1.2 -0.1264130344752271
v 2.6749733912212186 -1.2 -0.18004319894102377
v 2.693676707764138 -1.2 -0.23873017613198771
v 2.48687332050637 -1.2 -0.250471965673995
v 2.494092711809132 -1.2 -0.2661390847081222
v 2.4985121088519406 -1.2 -0.28281383086480805
v 2.49911710266601 -1.2 -0.0168466847110986
v 2.554857127164895 -1.2 -0.043057846653695275
v 2.604069105864649 -1.2 -0.0801004774184283
v 2.644678493946447 -1.2 -0.1264130344752271
v 2.6749733912212186 -1.2 -0.18004319894102377
v 2.693676707764138 -1.2 -0.23873017613198771
v 2.7 -1.2 -0.3
v 2.49911710266601 -2.1 -0.0168466847110986
v 2.7 -2.1 -0.3
v 2.693676707764138 -2.1 -0.23873017613198802
v 2.674973391221219 -2.1 -0.1800431989410241
v 2.6446784939464476 -2.1 -0.12641303447522742
v 2.604069105864649 -2.1 -0.08010047741842857
v 2.5548571271648957 -2.1 -0.04305784665369555
v 2.5 -2.1 -0.3
v 2.4985121088519406 -2.1 -0.28281383086480805
v 2.494092711809132 -2.1 -0.2661390847081222
v 2.48687332050637 -2.1 -0.250471965673995
v 2.5 -1.2 -0.3
v 2.48687332050637 -1.2 -0.250471965673995
v 2.494092711809132 -1.2 -0.2661390847081222
v 2.4985121088519406 -1.2 -0.28281383086480805
v -2.5 2.1 -0.3
v -2.5 2.1 -0.47
v -2.7 2.1 -0.470000000000001
v -2.7 2.1 -0.3
v -2.7 2.1 -0.3
v -2.7 2.1 -0.470000000000001
v -2.7 1.2 -0.470000000000001
v -2.7 1.2 -0.3
v -2.5 2.1 -0.3
v -2.5 2.1 -0.47
v -2.5 1.2 -0.47
v -2.5 1.2 -0.3
v -1.7 2.1 -0.77
v -2.4 2.1 -0.77
v -1.7 2.1 -0.57
v -2.4 2.1 -0.57
v -2.4 1.2 -0.57
v -1.7 1.2 -0.57
v -1.7 1.2 -0.77
v -2.4 1.2 -0.77
v -2.4 1.2 -0.77
v -1.7 1.2 -0.77
v -1.7 2.1 -0.77
v -2.4 2.1 -0.77
v -1.7 2.1 -0.77
v -1.7 2.1 -0.57
v -1.7 1.2 -0.77
v -1.7 1.2 -0.57
v -2.4 1.2 -0.57
v -2.47012756580867 1.2 -0.57
v -2.47171600080597 1.2 -0.539690854697004
v -2.483738854664324 1.2 -0.5246608106371214
v -2.4926595922735384 1.2 -0.5076058500728495
v -2.4981477438032935 1.2 -0.48915777613198047
v -2.5 1.2 -0.47
v -2.7 1.2 -0.470000000000001
v -2.4 1.2 -0.77
v -2.466756280186894 1.2 -0.7624783736545471
v -2.530165121735267 1.2 -0.7402906603707258
v -2.5870469405576197 1.2 -0.7045494447404091
v -2.6345494447404083 1.2 -0.6570469405576205
v -2.6702906603707253 1.2 -0.6001651217352681
v -2.692478373654547 1.2 -0.5367562801868954
v -2.5 2.1 -0.47
v -2.7 2.1 -0.470000000000001
v -2.692478373654547 2.1 -0.5367562801868951
v -2.6702906603707253 2.1 -0.6001651217352679
v -2.6345494447404088 2.1 -0.6570469405576205
v -2.5870469405576197 2.1 -0.7045494447404091
v -2.530165121735267 2.1 -0.7402906603707258
v -2.4667562801868943 2.1 -0.7624783736545471
v -2.4 2.1 -0.77
v -2.4 2.1 -0.57
v -2.47012756580867 2.1 -0.57
v -2.47171600080597 2.1 -0.539690854697004
v -2.498147743803293 2.1 -0.4891577761319805
v -2.4926595922735384 2.1 -0.5076058500728495
v -2.483738854664324 2.1 -0.5246608106371213
v -2.4 2.1 -0.77
v -2.4 1.2 -0.77
v -2.466756280186894 1.2 -0.7624783736545471
v -2.530165121735267 1.2 -0.7402906603707258
v -2.5870469405576197 1.2 -0.7045494447404091
v -2.6345494447404083 1.2 -0.6570469405576205
v -2.6702906603707253 1.2 -0.6001651217352681
v -2.692478373654547 1.2 -0.5367562801868954
v -2.7 1.2 -0.470000000000001
v -2.7 2.1 -0.470000000000001
v -2.692478373654547 2.1 -0.5367562801868951
v -2.6702906603707253 2.1 -0.6001651217352679
v -2.6345494447404088 2.1 -0.6570469405576205
v -2.5870469405576197 2.1 -0.7045494447404091
v -2.530165121735267 2.1 -0.7402906603707258
v -2.4667562801868943 2.1 -0.7624783736545471
v -2.47171600080597 1.2 -0.539690854697004
v -2.483738854664324 1.2 -0.5246608106371214
v -2.4926595922735384 1.2 -0.5076058500728495
v -2.4981477438032935 1.2 -0.48915777613198047
v -2.5 1.2 -0.47
v -2.5 2.1 -0.47
v -2.498147743803293 2.1 -0.4891577761319805
v -2.4926595922735384 2.1 -0.5076058500728495
v -2.483738854664324 2.1 -0.5246608106371213
v -2.47171600080597 2.1 -0.539690854697004
v -2.5 1.2 -0.3
v -2.7 1.2 -0.3
v -2.7 1.2 -0.470000000000001
v -2.5 1.2 -0.47
v -2.5 1.2 -0.3
v -2.4985121088519406 1.2 -0.28281383086480805
v -2.494092711809132 1.2 -0.2661390847081222
v -2.48687332050637 1.2 -0.250471965673995
v -2.49911710266601 1.2 -0.0168466847110986
v -2.7 1.2 -0.3
v -2.693676707764138 1.2 -0.23873017613198802
v -2.674973391221219 1.2 -0.1800431989410241
v -2.6446784939464476 1.2 -0.12641303447522742
v -2.604069105864649 1.2 -0.08010047741842857
v -2.5548571271648957 1.2 -0.04305784665369555
v -2.5 2.1 -0.3
v -2.7 2.1 -0.3
v -2.48687332050637 2.1 -0.250471965673995
v -2.494092711809132 2.1 -0.2661390847081222
v -2.4985121088519406 2.1 -0.28281383086480805
v -2.49911710266601 2.1 -0.0168466847110986
v -2.554857127164895 2.1 -0.043057846653695275
v -2.604069105864649 2.1 -0.0801004774184283
v -2.644678493946447 2.1 -0.1264130344752271
v -2.6749733912212186 2.1 -0.18004319894102377
v -2.693676707764138 2.1 -0.23873017613198771
v -2.7 1.2 -0.3
v -2.693676707764138 1.2 -0.23873017613198802
v -2.674973391221219 1.2 -0.1800431989410241
v -2.6446784939464476 1.2 -0.12641303447522742
v -2.604069105864649 1.2 -0.08010047741842857
v -2.5548571271648957 1.2 -0.04305784665369555
v -2.49911710266601 1.2 -0.0168466847110986
v -2.49911710266601 2.1 -0.0168466847110986
v -2.554857127164895 2.1 -0.043057846653695275
v -2.604069105864649 2.1 -0.0801004774184283
v -2.644678493946447 2.1 -0.1264130344752271
v -2.6749733912212186 2.1 -0.18004319894102377
v -2.693676707764138 2.1 -0.23873017613198771
v -2.7 2.1 -0.3
v -2.48687332050637 2.1 -0.250471965673995
v -2.494092711809132 2.1 -0.2661390847081222
v -2.4985121088519406 2.1 -0.28281383086480805
v -2.5 2.1 -0.3
v -2.5 1.2 -0.3
v -2.4985121088519406 1.2 -0.28281383086480805
v -2.494092711809132 1.2 -0.2661390847081222
v -2.48687332050637 1.2 -0.250471965673995
v -2.5 -1.2 -0.3
v -2.5 -1.2 -0.47
v -2.7 -1.2 -0.470000000000001
v -2.7 -1.2 -0.3
v -2.7 -1.2 -0.3
v -2.7 -1.2 -0.470000000000001
v -2.7 -2.1 -0.470000000000001
v -2.7 -2.1 -0.3
v -2.5 -1.2 -0.3
v -2.5 -1.2 -0.47
v -2.5 -2.1 -0.47
v -2.5 -2.1 -0.3
v -1.7 -1.2 -0.77
v -2.4 -1.2 -0.77
v -1.7 -1.2 -0.57
v -2.4 -1.2 -0.57
v -2.4 -2.1 -0.57
v -1.7 -2.1 -0.57
v -1.7 -2.1 -0.77
v -2.4 -2.1 -0.77
v -2.4 -2.1 -0.77
v -1.7 -2.1 -0.77
v -1.7 -1.2 -0.77
v -2.4 -1.2 -0.77
v -1.7 -1.2 -0.77
v -1.7 -1.2 -0.57
v -1.7 -2.1 -0.77
v -1.7 -2.1 -0.57
v -2.47012756580867 -2.1 -0.57
v -2.4 -2.1 -0.57
v -2.47171600080597 -2.1 -0.539690854697004
v -2.483738854664324 -2.1 -0.5246608106371214
v -2.4926595922735384 -2.1 -0.5076058500728495
v -2.4981477438032935 -2.1 -0.48915777613198047
v -2.5 -2.1 -0.47
v -2.7 -2.1 -0.470000000000001
v -2.4 -2.1 -0.77
v -2.466756280186894 -2.1 -0.7624783736545471
v -2.530165121735267 -2.1 -0.7402906603707258
v -2.5870469405576197 -2.1 -0.7045494447404091
v -2.6345494447404083 -2.1 -0.6570469405576205
v -2.6702906603707253 -2.1 -0.6001651217352681
v -2.692478373654547 -2.1 -0.5367562801868954
v -2.5 -1.2 -0.47
v -2.7 -1.2 -0.470000000000001
v -2.692478373654547 -1.2 -0.5367562801868951
v -2.6702906603707253 -1.2 -0.6001651217352679
v -2.6345494447404088 -1.2 -0.6570469405576205
v -2.5870469405576197 -1.2 -0.7045494447404091
v -2.530165121735267 -1.2 -0.7402906603707258
v -2.4667562801868943 -1.2 -0.7624783736545471
v -2.4 -1.2 -0.77
v -2.4 -1.2 -0.57
v -2.47012756580867 -1.2 -0.57
v -2.47171600080597 -1.2 -0.539690854697004
v -2.498147743803293 -1.2 -0.4891577761319805
v -2.4926595922735384 -1.2 -0.5076058500728495
v -2.483738854664324 -1.2 -0.5246608106371213
v -2.4 -1.2 -0.77
v -2.4 -2.1 -0.77
v -2.466756280186894 -2.1 -0.7624783736545471
v -2.530165121735267 -2.1 -0.7402906603707258
v -2.5870469405576197 -2.1 -0.7045494447404091
v -2.6345494447404083 -2.1 -0.6570469405576205
v -2.6702906603707253 -2.1 -0.6001651217352681
v -2.692478373654547 -2.1 -0.5367562801868954
v -2.7 -2.1 -0.470000000000001
v -2.7 -1.2 -0.470000000000001
v -2.692478373654547 -1.2 -0.5367562801868951
v -2.6702906603707253 -1.2 -0.6001651217352679
v -2.6345494447404088 -1.2 -0.6570469405576205
v -2.5870469405576197 -1.2 -0.7045494447404091
v -2.530165121735267 -1.2 -0.7402906603707258
v -2.4667562801868943 -1.2 -0.7624783736545471
v -2.47171600080597 -2.1 -0.539690854697004
v -2.483738854664324 -2.1 -0.5246608106371214
v -2.4926595922735384 -2.1 -0.5076058500728495
v -2.4981477438032935 -2.1 -0.48915777613198047
v -2.5 -2.1 -0.47
v -2.5 -1.2 -0.47
v -2.498147743803293 -1.2 -0.4891577761319805
v -2.4926595922735384 -1.2 -0.5076058500728495
v -2.483738854664324 -1.2 -0.5246608106371213
v -2.47171600080597 -1.2 -0.539690854697004
v -2.5 -2.1 -0.3
v -2.7 -2.1 -0.3
v -2.7 -2.1 -0.470000000000001
v -2.5 -2.1 -0.47
v -2.5 -2.1 -0.3
v -2.4985121088519406 -2.1 -0.28281383086480805
v -2.494092711809132 -2.1 -0.2661390847081222
v -2.48687332050637 -2.1 -0.250471965673995
v -2.49911710266601 -2.1 -0.0168466847110986
v -2.7 -2.1 -0.3
v -2.693676707764138 -2.1 -0.23873017613198802
v -2.674973391221219 -2.1 -0.1800431989410241
v -2.6446784939464476 -2.1 -0.12641303447522742
v -2.604069105864649 -2.1 -0.08010047741842857
v -2.5548571271648957 -2.1 -0.04305784665369555
v -2.5 -1.2 -0.3
v -2.7 -1.2 -0.3
v -2.48687332050637 -1.2 -0.250471965673995
v -2.494092711809132 -1.2 -0.2661390847081222
v -2.4985121088519406 -1.2 -0.28281383086480805
v -2.49911710266601 -1.2 -0.0168466847110986
v -2.554857127164895 -1.2 -0.043057846653695275
v -2.604069105864649 -1.2 -0.0801004774184283
v -2.644678493946447 -1.2 -0.1264130344752271
v -2.6749733912212186 -1.2 -0.18004319894102377
v -2.693676707764138 -1.2 -0.23873017613198771
v -2.7 -2.1 -0.3
v -2.693676707764138 -2.1 -0.23873017613198802
v -2.674973391221219 -2.1 -0.1800431989410241
v -2.6446784939464476 -2.1 -0.12641303447522742
v -2.604069105864649 -2.1 -0.08010047741842857
v -2.5548571271648957 -2.1 -0.04305784665369555
v -2.49911710266601 -2.1 -0.0168466847110986
v -2.49911710266601 -1.2 -0.0168466847110986
v -2.554857127164895 -1.2 -0.043057846653695275
v -2.604069105864649 -1.2 -0.0801004774184283
v -2.644678493946447 -1.2 -0.1264130344752271
v -2.6749733912212186 -1.2 -0.18004319894102377
v -2.693676707764138 -1.2 -0.23873017613198771
v -2.7 -1.2 -0.3
v -2.48687332050637 -1.2 -0.250471965673995
v -2.494092711809132 -1.2 -0.2661390847081222
v -2.4985121088519406 -1.2 -0.28281383086480805
v -2.5 -1.2 -0.3
v -2.5 -2.1 -0.3
v -2.4985121088519406 -2.1 -0.28281383086480805
v -2.494092711809132 -2.1 -0.2661390847081222
v -2.48687332050637 -2.1 -0.250471965673995
v -1.68000906917926 2.46500453458963 0.4
v -1.68000906917926 2.43000906917926 0.8
v -1.68000906917926 2.43000906917926 0.4
v -2.43000906917926 1.68000906917926 0.8
v -2.46500453458963 1.68000906917926 0.4
v -2.43000906917926 1.68000906917926 0.4
v -2.46500453458963 2.46500453458963 0.4
v -1.68000906917926 2.46500453458963 0.4
v -1.68000906917926 2.43000906917926 0.4
v -2.43000906917926 1.68000906917926 0.4
v -2.46500453458963 1.68000906917926 0.4
v -2.43000906917926 1.68000906917926 0.4
v -2.43000906917926 1.68000906917926 0.8
v -1.68000906917926 2.43000906917926 0.4
v -1.68000906917926 2.43000906917926 0.8
v -1.7 -2.0818995585505e-16 0.3
v -1.6920637790200026 -0.16407366555467517 0.3
v -1.668329214437003 -0.32661541950130346 0.3
v -1.629017909485583 -0.4861076532777706 0.3
v -1.5744969032282206 -0.6410612308701434 0.3
v -1.5052752436104575 -0.7900293924744051 0.3
v -1.4219992346173866 -0.9316212625029373 0.3
v -1.3254464019074794 -1.0645148358151313 0.3
v -1.2165182332650075 -1.187469320923191 0.3
v -1.0962317616514916 -1.2993367249279408 0.3
v -0.9657100694429662 -1.3990725720192148 0.3
v -0.8261718025124314 -1.4857456554650799 0.3
v -0.6789197920616832 -1.5585467320381896 0.3
v -0.5253288904374108 -1.616796077701761 0.3
v -0.3668331345052703 -1.6599498340097625 0.3
v -0.20491235643404856 -1.687605085966692 0.3
v -0.04107836690142381 -1.699503623936328 0.3
v 0.12313916027499755 -1.6955343544755348 0.3
v 0.2862069702899675 -1.675734337583806 0.3
v 0.4466025429376001 -1.6402884406840368 0.3
v 0.6028283079723132 -1.589527612565204 0.3
v 0.7534256275187133 -1.5239257934026949 0.3
v 0.8969884149804288 -1.4440954897065836 0.3
v 1.0321762632918123 -1.3507820555133796 0.3
v 1.1577269599375586 -1.2448567332162117 0.3
v 1.2724682718908753 -1.127308519009348 0.3
v 1.375328890437414 -0.9992349288971998 0.3
v 1.4653484336960867 -0.8618317514830984 0.3
v 1.54168641344593 -0.7163818832132935 0.3
v 1.6036300825381655 -0.5642433503184917 0.3
v 1.6506010896242902 -0.4068366292888409 0.3
v 1.682160879066788 -0.24563138426766834 0.3
v 1.6980147856149557 -0.0821327451933536 0.3
v 1.6980147856149548 0.08213274519337088 0.3
v 1.6821608790667855 0.2456313842676855 0.3
v 1.6506010896242862 0.40683662928885767 0.3
v 1.6036300825381598 0.5642433503185079 0.3
v 1.5416864134459227 0.7163818832133092 0.3
v 1.465348433696078 0.8618317514831133 0.3
v 1.375328890437404 0.9992349288972138 0.3
v 1.272468271890864 1.1273085190093608 0.3
v 1.157726959937546 1.2448567332162235 0.3
v 1.0321762632917986 1.35078205551339 0.3
v 0.8969884149804142 1.4440954897065927 0.3
v 0.7534256275186977 1.5239257934027024 0.3
v 0.6028283079722971 1.5895276125652102 0.3
v 0.4466025429375835 1.6402884406840414 0.3
v 0.28620697028995046 1.675734337583809 0.3
v 0.12313916027498033 1.6955343544755361 0.3
v -0.04107836690144109 1.6995036239363275 0.3
v -0.20491235643406575 1.6876050859666898 0.3
v -0.36683313450528715 1.6599498340097587 0.3
v -0.5253288904374274 1.6167960777017556 0.3
v -0.6789197920616991 1.558546732038183 0.3
v -0.8261718025124465 1.4857456554650714 0.3
v -0.9657100694429805 1.399072572019205 0.3
v -1.096231761651505 1.2993367249279295 0.3
v -1.2165182332650197 1.1874693209231786 0.3
v -1.3254464019074907 1.0645148358151173 0.3
v -1.4219992346173966 0.9316212625029217 0.3
v -1.5052752436104666 0.7900293924743876 0.3
v -1.5744969032282283 0.6410612308701247 0.3
v -1.6290179094855888 0.4861076532777505 0.3
v -1.6683292144370072 0.32661541950128203 0.3
v -1.6920637790200048 0.16407366555465272 0.3
vn 0.856431506286009 -0.04142547589749108 0.5145959628556604
vn 0.8574592347503538 -0.051549012960883565 0.5119632408719361
vn 0.8533898618710664 -0.049385473286735024 0.5189285294565403
vn 0.8565506361486429 -0.03792522376427835 0.5146675481471359
vn 0.8529358694407381 -0.06679655758905083 0.51772446582678
vn 0.8416829404490572 -0.15457580826784456 0.5173742815944484
vn 0.8267183736284802 -0.22478902025678074 0.5157583029647484
vn 0.8068063738837483 -0.28352450915647814 0.5183409377698576
vn 0.7737811994907343 -0.3656129629303075 0.5172908433869693
vn 0.7314714971308524 -0.4433328023541775 0.5180786380868654
vn 0.6977566332244266 -0.49757560029411263 0.5153195152361945
vn 0.6538184927507329 -0.5520340746584322 0.5174744041526771
vn 0.5932661548161429 -0.6165751481969068 0.5175619346277609
vn 0.5428259038591648 -0.6633034072501695 0.5151394258157654
vn 0.4899238854694104 -0.7012338083840158 0.5179244466385087
vn 0.41505419267795174 -0.748410744403329 0.5173116805196928
vn 0.3352418682841501 -0.7865956756345894 0.5185365298822411
vn 0.2790450894645388 -0.8097590353844328 0.5161629032185483
vn 0.20888161267483907 -0.8299034678259943 0.5173284314405573
vn 0.12199984228685821 -0.8467252151467193 0.5178536941228898
vn 0.056848066867375306 -0.8552529708607587 0.5150831516631937
vn -0.011301389867040077 -0.8555408694748162 0.5176119195356194
vn -0.09962061730943252 -0.8499028590504599 0.5174368200898941
vn -0.16950116989792297 -0.8399925797349459 0.515443323163145
vn -0.23059453635791774 -0.8236105707895739 0.5181619317216861
vn -0.31462503205124914 -0.7958803798630335 0.517286680821983
vn -0.39487811660967165 -0.758609823947977 0.5182493685788896
vn -0.45011740200134676 -0.7290827997601647 0.5155895610943239
vn -0.5084632220826805 -0.6883014090532185 0.5174034422814104
vn -0.5767300134050379 -0.6319844132304884 0.5176661019146803
vn -0.6258806701953116 -0.5856599319945975 0.5150493478609124
vn -0.6680244660002155 -0.5344529037168152 0.517787028162923
vn -0.7198769758328105 -0.4627384358352285 0.517349282077953
vn -0.7571391719119975 -0.40067012297831844 0.5159493452936577
vn -0.7825341115239365 -0.3447662841744661 0.5184366630534287
vn -0.8146143668192557 -0.26230705146810457 0.5172991824097273
vn -0.8369360373830826 -0.1766766269141988 0.517999458331497
vn -0.8495190729352021 -0.11343507505808458 0.5152182338251252
vn -0.8545285613782297 -0.04424973282638471 0.5175160856762296
vn -0.8545285613782297 0.04424973282638471 0.5175160856762296
vn -0.8495190729352021 0.11343507505808458 0.5152182338251252
vn -0.8369360093391471 0.1766766358953035 0.5179995005790851
vn -0.8146143604511221 0.2623070792198785 0.5172991783658135
vn -0.7825340873426677 0.3447662735207629 0.5184367066377388
vn -0.7571391719119975 0.40067012297831844 0.5159493452936577
vn -0.7198769980312382 0.46273845010442455 0.5173492384265078
vn -0.6680244660002155 0.5344529037168152 0.517787028162923
vn -0.6258806701953116 0.5856599319945975 0.5150493478609124
vn -0.5767299956098577 0.6319843937304168 0.5176661455465781
vn -0.5084632064018527 0.688301387826244 0.5174034859295146
vn -0.45011740200134676 0.7290827997601647 0.5155895610943239
vn -0.3948781117120703 0.7586098168897658 0.5182493826423585
vn -0.31462503205124914 0.7958803798630335 0.517286680821983
vn -0.23059452923603843 0.8236105453524791 0.5181619753229695
vn -0.16950116989792297 0.8399925797349459 0.515443323163145
vn -0.09962061730943252 0.8499028590504599 0.5174368200898941
vn -0.011301389867040077 0.8555408694748162 0.5176119195356194
vn 0.056848066867375306 0.8552529708607587 0.5150831516631937
vn 0.12199984228685821 0.8467252151467193 0.5178536941228898
vn 0.2088816269258395 0.8299034652428546 0.5173284298303319
vn 0.2790450894645388 0.8097590353844328 0.5161629032185483
vn 0.3352418579227669 0.7865956513231296 0.5185365734603808
vn 0.4150541798800966 0.7484107213266983 0.5173117241734536
vn 0.48992389082236043 0.7012337564411153 0.5179245119020359
vn 0.5428259038591648 0.6633034072501695 0.5151394258157654
vn 0.5932661548161429 0.6165751481969068 0.5175619346277609
vn 0.6538185394874877 0.5520340730728402 0.517474346793209
vn 0.6977566332244266 0.49757560029411263 0.5153195152361945
vn 0.7314714971308524 0.4433328023541775 0.5180786380868654
vn 0.7737811994907343 0.3656129629303075 0.5172908433869693
vn 0.8068063530779427 0.28352452279100404 0.5183409626965666
vn 0.8267183736284802 0.22478902025678074 0.5157583029647484
vn 0.8416829316469677 0.15457582854422397 0.5173742898560313
vn 0.8529358694407381 0.06679655758905083 0.51772446582678
vn 0.8565506361486429 0.03792522376427835 0.5146675481471359
vn 0.856431506286009 0.04142547589749108 0.5145959628556604
vn 0.8574592347503538 0.051549012960883565 0.5119632408719361
vn 0.8533898354752476 0.049385471759215115 0.518928573010438
vn 0.8553920757272268 0.07104473122505978 0.5130858046645077
vn 0.8422330540956869 0.16316397003639582 0.5138297397685481
vn 0.8198263870172633 0.2534672985499357 0.5134579084170562
vn 0.7940637277925471 0.32330545003889566 0.51471971225061
vn 0.7672421438555682 0.3854761769700884 0.5125891236462558
vn 0.7204314170934557 0.465923766803077 0.513705768697167
vn 0.6657453669836187 0.5411926422130917 0.5137057818968553
vn 0.6037004875166799 0.6105719490310763 0.5125891302286031
vn 0.5528609520151327 0.655292602637521 0.5147197030087979
vn 0.4944019933118019 0.7013755468296774 0.5134578963446642
vn 0.4154424990806777 0.7505908058326428 0.5138297112440122
vn 0.3318982532776495 0.7915721684309466 0.5130858131314627
vn 0.26487925742576773 0.8152145497393956 0.5150380732322306
vn 0.1967631630481465 0.8354802352604124 0.5130857960970021
vn 0.10508617443047231 0.8514317018303438 0.5138296926627078
vn 0.012278575627568863 0.8580269341449127 0.5134579017431123
vn -0.06210259021360452 0.8551063683673659 0.5147196975697899
vn -0.1295188006565553 0.8488093203158724 0.5125891317823604
vn -0.2204942667797696 0.8291493520946835 0.5137057817839102
vn -0.3089781280774451 0.8003992120291565 0.5137057696316671
vn -0.3941347097234437 0.7628303967905546 0.5125891301262462
vn -0.4523768289550806 0.7282985826838595 0.5147197092449707
vn -0.5142691698491789 0.6869412020524052 0.5134578910343408
vn -0.5854755127196297 0.6270545810176491 0.513829715402357
vn -0.6502676641214193 0.5602632791188131 0.5130857852923894
vn -0.6934629170708512 0.5038303037788849 0.5150380642648291
vn -0.7337857896909349 0.44531046227847776 0.5130857696652474
vn -0.7772862338407045 0.36304977644698566 0.5138297096349406
vn -0.8122378118651595 0.27682254151126456 0.5134579023520254
vn -0.8324452367524847 0.20517931210362206 0.5147197078923481
vn -0.8472891511324283 0.13911679999363652 0.5125891242826162
vn -0.8567043786868254 0.04651871132429101 0.5137057689334897
vn -0.8567043786868254 -0.04651871132429101 0.5137057689334897
vn -0.8472891511324283 -0.13911679999363652 0.5125891242826162
vn -0.8324452367524847 -0.20517931210362206 0.5147197078923481
vn -0.8122378388477395 -0.276822500590866 0.5134578817299169
vn -0.7772862338407045 -0.36304977644698566 0.5138297096349406
vn -0.7337857477735213 -0.44531049644481796 0.5130857999599324
vn -0.6934629170708512 -0.5038303037788849 0.5150380642648291
vn -0.6502676641214193 -0.5602632791188131 0.5130857852923894
vn -0.5854754908372682 -0.6270546171858982 0.5138296961977834
vn -0.5142691698491789 -0.6869412020524052 0.5134578910343408
vn -0.4523768289550806 -0.7282985826838595 0.5147197092449707
vn -0.3941347097234437 -0.7628303967905546 0.5125891301262462
vn -0.3089781428180223 -0.8003991906095649 0.5137057941392904
vn -0.2204942667797696 -0.8291493520946835 0.5137057817839102
vn -0.1295188006565553 -0.8488093203158724 0.5125891317823604
vn -0.06210259021360452 -0.8551063683673659 0.5147196975697899
vn 0.012278575627568863 -0.8580269341449127 0.5134579017431123
vn 0.10508618179877514 -0.8514317011637128 0.5138296922604033
vn 0.1967631630481465 -0.8354802352604124 0.5130857960970021
vn 0.26487925742576773 -0.8152145497393956 0.5150380732322306
vn 0.33189826342786 -0.7915721926390407 0.5130857692181616
vn 0.4154424990806777 -0.7505908058326428 0.5138297112440122
vn 0.49440201582944293 -0.7013755364953802 0.5134578887792073
vn 0.5528609520151327 -0.655292602637521 0.5147197030087979
vn 0.6037004875166799 -0.6105719490310763 0.5125891302286031
vn 0.6657453669836187 -0.5411926422130917 0.5137057818968553
vn 0.7204314170934557 -0.465923766803077 0.513705768697167
vn 0.7672421438555682 -0.3854761769700884 0.5125891236462558
vn 0.7940637277925471 -0.32330545003889566 0.51471971225061
vn 0.8198264065607133 -0.2534672861641396 0.5134578833266993
vn 0.8422330540956869 -0.16316397003639582 0.5138297397685481
vn 0.8553920757272268 -0.07104473122505978 0.5130858046645077
vn 0.8506084323551506 0.11950429119728367 0.512039079750509
vn 0.8491417455140203 0.09904269462121834 0.5187955673168102
vn 0.8298452617087836 0.22217235291909196 0.5118557289098902
vn 0.8292795348919654 0.20762818874546088 0.5188313678331763
vn 0.7945559583962107 0.3260038724481852 0.5122521880147184
vn 0.7974497404298954 0.3086498274586873 0.5184681238977139
vn 0.7461972186377323 0.4250542153325319 0.5123657140415995
vn 0.7543615726919217 0.4024654641840743 0.5186136980304975
vn 0.6953745336462689 0.5052191344663342 0.5110850067506602
vn 0.692723157539224 0.501410946512135 0.5183837282618855
vn 0.6276306690896437 0.5857488085798097 0.5128138809211581
vn 0.6229955332178535 0.5847067588117801 0.5196100189473111
vn 0.5420969383469364 0.6661167457942542 0.5122688653503654
vn 0.5501795643192816 0.6542690559532851 0.5188780679769022
vn 0.4510691646820939 0.7311300448693907 0.5118451583851122
vn 0.46447978427526 0.7177717840828068 0.5187120549728842
vn 0.35867555523349204 0.7804781541002556 0.5120602474809034
vn 0.3746975019495851 0.7687381429475761 0.5183082573240105
vn 0.2570519645063092 0.8194745813369324 0.5122359789063109
vn 0.27501463929322345 0.8094716083634289 0.5187703378451217
vn 0.15850990393707862 0.8445911872717107 0.5114101453205836
vn 0.16125462138160906 0.8399009282117428 0.5182310082117112
vn 0.054804470327056126 0.8570173372903374 0.5123648637601443
vn 0.054467468900859996 0.8526974233846168 0.5195578880016829
vn -0.06451680854818981 0.8564083639322946 0.5122521796943053
vn -0.045133751772773595 0.8536881267623382 0.5188251407516057
vn -0.16474507834771926 0.8431507392870315 0.5118162658610373
vn -0.1620340726713676 0.8396624572390359 0.5183743022149478
vn -0.26538420817697417 0.8167686203111932 0.5123087378966226
vn -0.2663359280581342 0.8120301485073455 0.5192997316969755
vn -0.37171187991421706 0.7741312383471923 0.5123974084103873
vn -0.3539715781403809 0.7783664627896667 0.5185072530573808
vn -0.46599751991790367 0.721406225738335 0.5122688443545375
vn -0.449282067116655 0.7273009921586542 0.5188245281137185
vn -0.5559579716744577 0.6549238546929003 0.5118451702280835
vn -0.5375383407899452 0.6647490890786891 0.5188074601910093
vn -0.6314419917159603 0.5823017186455152 0.5120602694607934
vn -0.6179474188393086 0.590678712869034 0.5188830751847834
vn -0.6999331685183705 0.49770251978742625 0.5122360407127569
vn -0.6869257218838303 0.508927950684236 0.5187729692521794
vn -0.7583995475792124 0.4032940872182292 0.5120390663284017
vn -0.7468280353368256 0.4160260015630474 0.5188162021934171
vn -0.8019485473015182 0.30802962181580007 0.5118557214342727
vn -0.7927115239838174 0.3207274191115221 0.5184036673995619
vn -0.8344295347664549 0.20328561295943937 0.5122521947958277
vn -0.8254374140931315 0.22281344017044027 0.5186590848473185
vn -0.8535268092414126 0.09472765535676439 0.5123657455536849
vn -0.8468994397418699 0.11638052622988873 0.5188611684057317
vn -0.8595301806532565 0 0.5110849915094163
vn -0.8551917757601702 0 0.5183117080215021
vn -0.8535268092414126 -0.09472765535676439 0.5123657455536849
vn -0.8468994397418699 -0.11638052622988873 0.5188611684057317
vn -0.8320093786072728 -0.21197630526036498 0.512666012056294
vn -0.8272037516482361 -0.2143466916912819 0.5194125999820236
vn -0.7986541420159858 -0.31758561238601996 0.5111662549954822
vn -0.796159101073388 -0.3128522747280662 0.5179325631542095
vn -0.753305723969215 -0.41211661191225846 0.5125333007924242
vn -0.7505624777843284 -0.40842103609217656 0.519469175427804
vn -0.6896344961851614 -0.5118774729019543 0.5122359948372895
vn -0.697439827751275 -0.4944307650800322 0.5187638241132912
vn -0.6246754880264609 -0.5901187991945259 0.5114101460629361
vn -0.6235755563038364 -0.5851586945488831 0.5184041162782255
vn -0.5480799011929904 -0.6611283340683017 0.5123648580848941
vn -0.54407926155367 -0.6587937559470027 0.5195849731010841
vn -0.4584776803658447 -0.726578195450525 0.5117444113053049
vn -0.4564168761453687 -0.7231757657022189 0.518363238540999
vn -0.36313169737727846 -0.7779185120410265 0.5128139613775858
vn -0.36152462787992423 -0.7744005030412654 0.5192338628457482
vn -0.256082235942833 -0.8200603697139356 0.511784015439289
vn -0.2745963696563237 -0.8097463437421053 0.518563103747133
vn -0.15430178182189722 -0.8447720646038723 0.5123974228970113
vn -0.1700153488926586 -0.8377954310035886 0.518838700301374
vn -0.056155767485575575 -0.8573005256343467 0.5117444074195427
vn -0.05403647054067596 -0.853488303137959 0.5183027843434705
vn 0.054804470327056126 -0.8570173372903374 0.5123648637601443
vn 0.054467468900859996 -0.8526974233846168 0.5195578880016829
vn 0.15850990393707862 -0.8445911872717107 0.5114101453205836
vn 0.16125461184891351 -0.8399009561736023 0.5182309658599388
vn 0.2653222385893034 -0.8165778529493377 0.5126448281048103
vn 0.2679460575286726 -0.8114058165091733 0.5194473131992533
vn 0.37650783752508915 -0.7720477951999968 0.5120391100384862
vn 0.35850588192873045 -0.7764041576618355 0.5183339817028391
vn 0.45945267639438697 -0.7263692298078069 0.5111662940203004
vn 0.4572684819039156 -0.7227533670289419 0.5182018003689449
vn 0.5485131495546379 -0.6605352464296722 0.5126660833229983
vn 0.5436930572594674 -0.6591384309217843 0.519552103614086
vn 0.6288731310145452 -0.585288544355647 0.5118162804503296
vn 0.6235249165513587 -0.5852964076413026 0.5183095538785749
vn 0.6947848637314104 -0.5047907713379058 0.512308764615449
vn 0.6924655781443354 -0.5005758057340258 0.5195337195976427
vn 0.7509750042373379 -0.41722977018140245 0.5118162383952901
vn 0.7502401957320725 -0.41070779556610354 0.5181300564232237
vn 0.797706263939193 -0.31755039187537143 0.5126660366086022
vn 0.7936065277700416 -0.31726932250948375 0.5191616858697794
vn 0.8347340258160909 -0.20306064266294432 0.51184517341299
vn 0.8253027363691554 -0.22296457432968828 0.518808434718987
vn 0.8522361667026983 -0.11024116147841688 0.5114102095967388
vn 0.8483846790251384 -0.10785903790060347 0.5182758573757504
vn 0.998832226980519 -0.04831337646177411 0
vn 0.998832226980519 -0.04831337646177411 0
vn 0.998832226980519 0.04831337646177411 0
vn 0.9967582064093162 0.08045544080845672 0
vn 0.9843399056903218 0.17628088400495484 0
vn 0.9627310831215403 0.2704604621596764 0
vn 0.9321335106144607 0.3621147862067512 0
vn 0.8928328569329358 0.4503881543524117 0
vn 0.845196048008021 0.5344563971285433 0
vn 0.789667906615483 0.6135345118748584 0
vn 0.7267667831005786 0.6868843010155615 0
vn 0.6570800964611773 0.7538207657225755 0
vn 0.5812583729350725 0.8137190571031702 0
vn 0.5000096747635087 0.8660198179850679 0
vn 0.4140924562254921 0.9102348255791683 0
vn 0.32430900340579993 0.9459511986936413 0
vn 0.23149754213423948 0.9728354886545854 0
vn 0.1365246592731465 0.9906366727566426 0
vn 0.0402770925807865 0.9991885486799971 0
vn -0.05634654500750919 0.9984112714035819 0
vn -0.15244407879184796 0.9883120978928189 0
vn -0.24711829451403416 0.968985319040735 0
vn -0.33948524299109367 0.9406113808535796 0
vn -0.4286824605466168 0.9034552274571764 0
vn -0.5138772058453848 0.8578637521847744 0
vn -0.5942740919663925 0.8042625837483176 0
vn -0.6691223395965249 0.7431522688203762 0
vn -0.7377231619217949 0.675103352357333 0
vn -0.7994360828120018 0.6007511543877398 0
vn -0.8536848466644117 0.5207899601332191 0
vn -0.8999630268210473 0.43596622616333336 0
vn -0.9378384617466858 0.34707206696680454 0
vn -0.9669575797129663 0.254937323739861 0
vn -0.9870484727200247 0.16042229427690782 0
vn -0.9979235546156433 0.06440946470262932 0
vn -0.9994812930468417 -0.03220473333864748 0
vn -0.9917071444744927 -0.1285182461685798 0
vn -0.9746736914164239 -0.22363182971277049 0
vn -0.9485399737538197 -0.3166574145525462 0
vn -0.9135500120896751 -0.40672641346604776 0
vn -0.8700304445044038 -0.4929979975978294 0
vn -0.8183876704283064 -0.5746665301641725 0
vn -0.7591038070200502 -0.6509695923525664 0
vn -0.6927324137276615 -0.7211947053126833 0
vn -0.6198931883794213 -0.7846862016123358 0
vn -0.541266154621517 -0.8408513244689789 0
vn -0.45758541078906256 -0.889165671758084 0
vn -0.36963236738842664 -0.9291780846419201 0
vn -0.27822817698987984 -0.9605150084870554 0
vn -0.18422622915770578 -0.9828838672449216 0
vn -0.08850423173857139 -0.9960758008125512 0
vn 0.008044119559900746 -0.9999676455468477 0
vn 0.10451736325071864 -0.994523061964436 0
vn 0.2000147652794603 -0.9797928830473318 0
vn 0.293644674825504 -0.9559146431280483 0
vn 0.38453290858959444 -0.9231112837635702 0
vn 0.47183085470428066 -0.8816890861006662 0
vn 0.5547234555754589 -0.8320347876347611 0
vn 0.6324367130814561 -0.7746120344706271 0
vn 0.7042451468818827 -0.7099568811507608 0
vn 0.7694781814864016 -0.6386730996498761 0
vn 0.82752682690542 -0.5614261756917351 0
vn 0.8778490714564919 -0.4789373735082436 0
vn 0.9199750700454731 -0.3919768749490547 0
vn 0.953511514723608 -0.301356584944631 0
vn 0.9781452820441249 -0.20792259909596023 0
vn 0.9936463675854423 -0.11254730642825783 0
vn 0.998832226980519 0.04831337646177411 0
vn 0.9936463675854423 0.11254730642825783 0
vn 0.9781452790135485 0.2079226133529187 0
vn 0.953511514723608 0.301356584944631 0
vn 0.9199750700454731 0.3919768749490547 0
vn 0.8778490714564919 0.4789373735082436 0
vn 0.8275267992133861 0.5614262165090335 0
vn 0.769478210778809 0.6386730643581604 0
vn 0.7042451468818827 0.7099568811507608 0
vn 0.6324367422813615 0.7746120106301856 0
vn 0.5547234555754589 0.8320347876347611 0
vn 0.47183085470428066 0.8816890861006662 0
vn 0.38453290858959444 0.9231112837635702 0
vn 0.293644674825504 0.9559146431280483 0
vn 0.2000147652794603 0.9797928830473318 0
vn 0.10451736325071864 0.994523061964436 0
vn 0.008044119559900746 0.9999676455468477 0
vn -0.08850423173857139 0.9960758008125512 0
vn -0.18422622915770578 0.9828838672449216 0
vn -0.27822817698987984 0.9605150084870554 0
vn -0.36963236738842664 0.9291780846419201 0
vn -0.45758541078906256 0.889165671758084 0
vn -0.5412661124791854 0.8408513515965054 0
vn -0.6198931883794213 0.7846862016123358 0
vn -0.6927324137276615 0.7211947053126833 0
vn -0.7591037775662057 0.6509696266990622 0
vn -0.8183876704283064 0.5746665301641725 0
vn -0.8700304445044038 0.4929979975978294 0
vn -0.9135500120896751 0.40672641346604776 0
vn -0.9485399827053116 0.3166573877385577 0
vn -0.9746736914164239 0.22363182971277049 0
vn -0.9917071444744927 0.1285182461685798 0
vn -0.9994812930468417 0.03220473333864748 0
vn -0.9979235546156433 -0.06440946470262932 0
vn -0.9870484727200247 -0.16042229427690782 0
vn -0.9669575797129663 -0.254937323739861 0
vn -0.9378384617466858 -0.34707206696680454 0
vn -0.8999630268210473 -0.43596622616333336 0
vn -0.8536848466644117 -0.5207899601332191 0
vn -0.7994360828120018 -0.6007511543877398 0
vn -0.737723132236333 -0.6751033847962946 0
vn -0.6691223395965249 -0.7431522688203762 0
vn -0.5942740919663925 -0.8042625837483176 0
vn -0.5138772058453848 -0.8578637521847744 0
vn -0.4286824605466168 -0.9034552274571764 0
vn -0.33948524299109367 -0.9406113808535796 0
vn -0.24711830850522018 -0.9689853154725921 0
vn -0.15244407879184796 -0.9883120978928189 0
vn -0.05634654500750919 -0.9984112714035819 0
vn 0.0402770925807865 -0.9991885486799971 0
vn 0.1365246592731465 -0.9906366727566426 0
vn 0.23149755691591842 -0.9728354851371125 0
vn 0.32430903007362405 -0.9459511895508695 0
vn 0.4140924562254921 -0.9102348255791683 0
vn 0.5000096747635087 -0.8660198179850679 0
vn 0.5812583729350725 -0.8137190571031702 0
vn 0.6570800964611773 -0.7538207657225755 0
vn 0.7267668128554983 -0.686884269532984 0
vn 0.789667906615483 -0.6135345118748584 0
vn 0.845196048008021 -0.5344563971285433 0
vn 0.8928328569329358 -0.4503881543524117 0
vn 0.9321335106144607 -0.3621147862067512 0
vn 0.9627310831215403 -0.2704604621596764 0
vn 0.9843399056903218 -0.17628088400495484 0
vn 0.9967582064093162 -0.08045544080845672 0
vn -0.9963974880508841 -0.08480593025188869 0
vn -0.9963974880508841 -0.08480593025188869 0
vn -0.9963974880508841 0.08480593025188869 0
vn -0.9900122519613416 0.14098134971134768 0
vn -0.9519458686270537 0.30626632724458047 0
vn -0.8864937343010744 0.4627405958471074 0
vn -0.7955387818462082 0.605902670879285 0
vn -0.6816976499062637 0.7316340028404072 0
vn -0.5482452562402391 0.8363176065407654 0
vn -0.39902091531167716 0.9169418242963027 0
vn -0.2383174495092769 0.9711873111091357 0
vn -0.07075801105907589 0.9974935106911542 0
vn 0.09883699215048863 0.9951036373075139 0
vn 0.265588661733725 0.9640864394640603 0
vn 0.4246998116509939 0.9053342310901594 0
vn 0.5715931084275112 0.8205372132927156 0
vn 0.7020426765500513 0.7121348750780571 0
vn 0.8122958640681273 0.5832455993985847 0
vn 0.8991806958510233 0.4375775088014346 0
vn 0.9601977631555588 0.27932106191811157 0
vn 0.9935916794289352 0.11302908727220648 0
vn 0.9984017760125269 -0.05651454374788866 0
vn 0.9744896694913485 -0.22443235964237 0
vn 0.9225432778060568 -0.3858936389406498 0
vn 0.8285096598996288 -0.559974770371846 0
vn 0.7219560804541525 -0.6919388830635819 0
vn 0.5946331919099366 -0.803997118825062 0
vn 0.45020377002572204 -0.8929258454399372 0
vn 0.29282277497125386 -0.9561667336077606 0
vn 0.09883699215048863 -0.9951036373075139 0
vn -0.04244120340520293 -0.999098966195801 0
vn -0.2106792700148099 -0.9775552389435734 0
vn -0.3990208837560496 -0.9169418380282041 0
vn -0.5243072838338003 -0.8515291375630213 0
vn -0.6391203417030222 -0.7691067473513752 0
vn -0.7780357445910822 -0.6282200093427465 0
vn -0.8730140933746718 -0.4876949792331265 0
vn -0.9330505504843747 -0.35974528522387234 0
vn -0.9804267168142788 -0.19688436442941212 0
vn -0.9963974880508841 0.08480593025188869 0
vn -0.9804267168142788 0.19688436442941212 0
vn -0.9330505504843747 0.35974528522387234 0
vn -0.8588321852975275 0.5122570424084704 0
vn -0.7599068657910055 0.6500319648476456 0
vn -0.6391203124042546 0.7691067716983695 0
vn -0.4999475073257098 0.8660557083229746 0
vn -0.3463920871835856 0.9380898261555762 0
vn -0.1828716190663729 0.9831368017422822 0
vn -0.014090247950438048 0.9999007275288357 0
vn 0.15509646984345463 0.9878993294066447 0
vn 0.3198213531650901 0.9474778636251353 0
vn 0.4753455529841135 0.8797991846201196 0
vn 0.6171949148486527 0.786810292945488 0
vn 0.7412886981787302 0.6711863123995329 0
vn 0.8440569863894961 0.5362534883122737 0
vn 0.9225432778060568 0.3858936389406498 0
vn 0.9744896694913485 0.22443235964237 0
vn 0.9984017760125269 0.05651454374788866 0
vn 0.9935916794289352 -0.11302908727220648 0
vn 0.960197771148644 -0.27932103444097484 0
vn 0.8991806958510233 -0.4375775088014346 0
vn 0.8285096598996288 -0.559974770371846 0
vn 0.7219560506786832 -0.6919389141307478 0
vn 0.5946331919099366 -0.803997118825062 0
vn 0.45020381754949323 -0.8929258214789527 0
vn 0.29282277497125386 -0.9561667336077606 0
vn 0.15509646984345463 -0.9878993294066447 0
vn -0.04244120340520293 -0.999098966195801 0
vn -0.2106792700148099 -0.9775552389435734 0
vn -0.3463920871835856 -0.9380898261555762 0
vn -0.5243072838338003 -0.8515291375630213 0
vn -0.6816976499062637 -0.7316340028404072 0
vn -0.7780357445910822 -0.6282200093427465 0
vn -0.8730140933746718 -0.4876949792331265 0
vn -0.9519458686270537 -0.30626632724458047 0
vn -0.9900122531460279 -0.14098134139213317 0
vn 0 0 -1
vn 0 0 -1
vn 0 0 -1
vn 0 0 -1
vn 0 0 -1
vn 0 0 -1
vn 0 0 -1
vn 0 0 -1
vn 0 0 -1
vn 0 0 -1
vn 0 0 -1
vn 0 0 -1
vn 0 0 -1
vn 0 0 -1
vn 0 0 -1
vn 0 0 -1
vn 0 0 -1
vn 0 0 -1
vn 0 0 -1
vn 0 0 -1
vn 0 0 -1
vn 0 0 -1
vn 0 0 -1
vn 0 0 -1
vn 0 0 -1
vn 0 0 -1
vn 0 0 -1
vn 0 0 -1
vn 0 0 -1
vn 0 0 -1
vn 0 0 -1
vn 0 0 -1
vn 0 0 -1
vn 0 0 -1
vn 0 0 -1
vn 0 0 -1
vn 0 0 -1
vn 0 0 -1
vn 0 0 -1
vn 0 0 -1
vn 0.9986295347422467 -3.708097304670435e-15 -0.05233595647816217
vn 0.9986295349055069 0 -0.0523359533629713
vn 0.9986295349369461 1.9612652387612873e-15 -0.052335952763075545
vn 0.9986295349055069 0 -0.0523359533629713
vn 0.9986295345161079 4.585419579138395e-16 -0.0523359607931441
vn 0.9986295349369461 0 -0.052335952763075545
vn 0.9986295349369461 0 -0.052335952763075545
vn 0.9986295345475471 -9.333614031349707e-16 -0.05233596019324879
vn 0.9986295349055069 0 -0.0523359533629713
vn 0.9986295347422467 -3.708097304670435e-15 -0.05233595647816217
vn 0.9986295349369461 1.9612652387612873e-15 -0.052335952763075545
vn 0.9986295349055069 0 -0.0523359533629713
vn 0.9986295346793682 1.076239621657696e-14 -0.052335957677953175
vn 0.9986295347108074 0 -0.0523359570780577
vn 0.9986295349055069 1.2962331083455158e-14 -0.0523359533629713
vn 0.9986295341267091 5.6216638718005474e-15 -0.0523359682233169
vn 0.9986295347108074 -6.387558238705546e-15 -0.0523359570780577
vn 0.9986295349055069 -1.2964270788836189e-14 -0.0523359533629713
vn 0.9986295347108074 0 -0.0523359570780577
vn 0.9986295351316454 -1.0763456297399841e-14 -0.05233594904798892
vn 0.9986295351002062 2.635731123382682e-16 -0.05233594964788489
vn 0.9986295347422467 -5.165268249614978e-17 -0.05233595647816217
vn 0.9986295347422467 4.652908793768318e-15 -0.05233595647816217
vn 0.9986295349055069 -1.8944913991712715e-15 -0.0523359533629713
vn 0.9986295347108074 9.370531273137728e-17 -0.0523359570780577
vn 0.9986295345161079 -1.4131026334026269e-16 -0.0523359607931441
vn 0.9986295351316454 2.8157266865043348e-15 -0.05233594904798892
vn 0.9986295349055069 -2.5387808468646203e-15 -0.0523359533629713
vn 0 -0.9986295347108074 -0.0523359570780577
vn 0 -0.9986295348740676 -0.052335953962866985
vn 0 -0.9986295348740676 -0.052335953962866985
vn 0 -0.9986295347108074 -0.0523359570780577
vn -0.9986295349055069 0 -0.0523359533629713
vn -0.9986295347422467 -1.9610691502468376e-15 -0.05233595647816217
vn -0.9986295349369461 -1.0762129841673338e-14 -0.052335952763075545
vn -0.9986295347108074 0 -0.0523359570780577
vn -0.9986295349055069 -1.297008821091345e-14 -0.0523359533629713
vn -0.9986295345161079 -5.621663873992621e-15 -0.0523359607931441
vn -0.9986295347108074 6.388808459291504e-15 -0.0523359570780577
vn -0.9986295349055069 1.297008821091345e-14 -0.0523359533629713
vn -0.9986295347108074 0 -0.0523359570780577
vn -0.9986295346793682 1.0764252912620838e-14 -0.052335957677953175
vn -0.9986295349055069 0 -0.0523359533629713
vn -0.9986295347422467 1.9610691502468376e-15 -0.05233595647816217
vn -0.9986295347422467 -3.707727151263463e-15 -0.05233595647816217
vn -0.9986295349055069 0 -0.0523359533629713
vn -0.9986295347108074 -7.890300089622264e-16 -0.0523359570780577
vn -0.9986295349369461 0 -0.052335952763075545
vn -0.9986295349369461 0 -0.052335952763075545
vn -0.9986295345475471 5.042485195106597e-16 -0.05233596019324879
vn -0.9986295349055069 0 -0.0523359533629713
vn -0.9986295349055069 3.707726930568581e-15 -0.0523359533629713
vn -0.9986295347108074 -9.370531273137728e-17 -0.0523359570780577
vn -0.9986295351002062 2.6418893173917576e-16 -0.05233594964788489
vn -0.9986295347422467 -2.812290060897381e-15 -0.05233595647816217
vn -0.9986295349055069 2.540103912281726e-15 -0.0523359533629713
vn -0.9986295345161079 -1.416404208895009e-16 -0.0523359607931441
vn -0.9986295347422467 5.277556697016874e-17 -0.05233595647816217
vn -0.9986295349055069 -2.540103912281726e-15 -0.0523359533629713
vn -0.9986295351316454 2.8139072596885783e-15 -0.05233594904798892
vn 0 0.9986295348740676 -0.052335953962866985
vn 0 0.9986295347108074 -0.0523359570780577
vn 0 0.9986295347108074 -0.0523359570780577
vn 0 0.9986295348740676 -0.052335953962866985
vn 0 0 -1
vn 0 0 -1
vn 0 0 -1
vn 0 0 -1
vn 0 0 -1
vn 0 0 -1
vn 0 0 -1
vn 0 0 -1
vn 0 0 -1
vn 0 0 -1
vn 0 0 -1
vn 0 0 -1
vn 0 0 -1
vn 0 0 -1
vn 0 0 -1
vn 0 0 -1
vn 0 0 -1
vn 0 0 -1
vn 0 0 -1
vn 0 0 -1
vn 0 0 -1
vn 0 0 -1
vn 0 0 -1
vn 0 0 -1
vn 0 0 -1
vn 0 0 -1
vn 0 0 -1
vn 0 0 -1
vn 0 0 -1
vn 0 0 -1
vn 0 0 -1
vn 0 0 -1
vn 0 0 -1
vn 0 0 -1
vn 0 0 -1
vn 0 0 -1
vn 0 0 -1
vn 0 0 -1
vn 0 0 -1
vn 0 0 -1
vn 0 0 -1
vn 0 0 -1
vn 0 0 -1
vn 0 0 -1
vn 0 0 -1
vn 0 0 -1
vn 0 0 -1
vn 0 0 -1
vn 0 0 -1
vn 0 0 -1
vn 0 0 -1
vn 0 0 -1
vn 0 0 -1
vn 0 0 -1
vn 0 0 -1
vn 0 0 -1
vn 0 0 -1
vn 0 0 -1
vn 0 0 -1
vn 0 0 -1
vn 0 0 -1
vn 0 0 -1
vn 0 0 -1
vn 0 0 -1
vn 0 0 -1
vn 0 0 -1
vn 0 0 -1
vn 0 0 -1
vn 0 0 -1
vn 0 0 -1
vn 0 0 -1
vn 0 0 -1
vn 0 0 -1
vn 0 0 -1
vn 0 0 -1
vn 0 0 -1
vn 0 0 -1
vn 0 0 -1
vn 0 0 -1
vn 0 0 -1
vn 0 0 -1
vn 0 0 -1
vn 0 0 -1
vn 0 0 -1
vn 0 0 -1
vn 0 0 -1
vn 0 0 -1
vn 0 0 -1
vn 0 0 -1
vn 0 0 -1
vn 0 0 -1
vn 0 0 -1
vn 0 0 -1
vn 0 0 -1
vn 0 0 -1
vn 0 0 -1
vn 0 0 -1
vn 0 0 -1
vn 0 0 -1
vn 0 0 -1
vn 0 0 -1
vn 0 0 -1
vn -1 0 0
vn -1 0 0
vn -1 0 0
vn -1 0 0
vn 0 -1 0
vn 0 -1 0
vn 0 -1 0
vn 0 -1 0
vn 1 0 0
vn 1 0 0
vn 1 0 0
vn 1 0 0
vn 0 1 0
vn 0 1 0
vn 0 1 0
vn 0 1 0
vn 0 0 -1
vn 0 0 -1
vn 0 0 -1
vn 0 0 -1
vn -1 0 0
vn -1 0 0
vn -1 0 0
vn -1 0 0
vn 0 -1 0
vn 0 -1 0
vn 0 -1 0
vn 0 -1 0
vn 1 0 0
vn 1 0 0
vn 1 0 0
vn 1 0 0
vn 0 1 0
vn 0 1 0
vn 0 1 0
vn 0 1 0
vn 0 0 -1
vn 0 0 -1
vn 0 0 -1
vn 0 0 -1
vn -1 0 0
vn -1 0 0
vn -1 0 0
vn -1 0 0
vn 0 -1 0
vn 0 -1 0
vn 0 -1 0
vn 0 -1 0
vn 0 1 0
vn 0 1 0
vn 0 1 0
vn 0 1 0
vn 1 0 0
vn 1 0 0
vn 1 0 0
vn 1 0 0
vn 0 1 0
vn 0 1 0
vn 0 1 0
vn 0 1 0
vn 0 -1 0
vn 0 -1 0
vn 0 -1 0
vn 0 -1 0
vn 0 -1 0
vn 0 -1 0
vn 0 -1 0
vn 0 -1 0
vn 1 0 0
vn 1 0 0
vn 1 0 0
vn 1 0 0
vn 0 1 0
vn 0 1 0
vn 0 1 0
vn 0 1 0
vn 0 1 0
vn 0 1 0
vn 0 1 0
vn 0 1 0
vn -1 0 0
vn -1 0 0
vn -1 0 0
vn -1 0 0
vn 0 -1 0
vn 0 -1 0
vn 0 -1 0
vn 0 -1 0
vn 0.9961946981138379 0 0.08715574249514316
vn 0.9961946981138379 0 0.08715574249514316
vn 0.9961946981138379 0 0.08715574249514316
vn 0.9961946983079634 0 0.08715574027627696
vn 0 0.9961946981138379 0.08715574249514316
vn -2.423262091991648e-17 0.9961946983079634 0.08715574027627696
vn 0 0.9961946976610735 0.0871557476702623
vn -3.553786752372807e-17 0.9961946983079634 0.08715574027627696
vn -3.315803373387533e-17 0.9961946981138379 0.08715574249514316
vn 0 0.9961946981138379 0.08715574249514316
vn -0.9961946976610735 0 0.0871557476702623
vn -0.9961946983079634 3.553786752372807e-17 0.08715574027627696
vn -0.9961946983079634 2.423262091991648e-17 0.08715574027627696
vn -0.9961946981138379 0 0.08715574249514316
vn -0.9961946981138379 0 0.08715574249514316
vn -0.9961946981138379 3.315803373387533e-17 0.08715574249514316
vn 0 -0.9961946981138379 0.08715574249514316
vn 0 -0.9961946981138379 0.08715574249514316
vn 0 -0.9961946983079634 0.08715574027627696
vn 0 -0.9961946981138379 0.08715574249514316
vn 0 0 1
vn 0 0 1
vn 0 0 1
vn 0 0 1
vn 0 0 1
vn 0 0 1
vn 0 0 1
vn 0 0 1
vn 0 0 1
vn 0 0 1
vn 0 0 1
vn 0 0 1
vn 0 0 1
vn 0 0 1
vn 0 0 1
vn 0 0 1
vn 0 0 1
vn 0 0 1
vn 0 0 1
vn 0 0 1
vn 0 0 1
vn 0 0 1
vn 0 0 1
vn 0 0 1
vn 0 0 1
vn 0 0 1
vn 0 0 1
vn 0 0 1
vn 0 0 1
vn 0 0 1
vn 0 0 1
vn 0 0 1
vn 0 0 1
vn 0 0 1
vn 0 0 1
vn 0 0 1
vn 0 0 1
vn 0 0 1
vn 0 0 1
vn 0 0 1
vn 0 0 1
vn 0 0 1
vn 0 0 1
vn 0 0 1
vn 0 0 1
vn 0 0 1
vn 0 0 1
vn 0 0 1
vn 0 0 1
vn 0 0 1
vn 0 0 1
vn 0 0 1
vn 0 0 1
vn 0 0 1
vn 0 0 1
vn 0 0 1
vn 0 0 1
vn 0 0 1
vn 0 0 1
vn 0 0 1
vn 0 0 1
vn 0 0 1
vn 0 0 1
vn 0 0 1
vn 0 0 1
vn 0 0 1
vn 0 0 1
vn 0 0 1
vn 0 0 1
vn 0 0 1
vn 0 0 1
vn 0 0 1
vn 0 0 1
vn 0 0 1
vn 0 0 1
vn 0 0 1
vn 0 1 0
vn 0 1 0
vn 0 1 0
vn 0 1 0
vn 1 0 0
vn 1 0 0
vn 1 0 0
vn 1 0 0
vn -1 0 0
vn -1 0 0
vn -1 0 0
vn -1 0 0
vn 0 1 0
vn 0 1 0
vn 0 1 0
vn 0 1 0
vn 0 -1 0
vn 0 -1 0
vn 0 -1 0
vn 0 -1 0
vn 0 0 -1
vn 0 0 -1
vn 0 0 -1
vn 0 0 -1
vn -1 0 0
vn -1 0 0
vn -1 0 0
vn -1 0 0
vn 0 -1 0
vn 0 -1 0
vn 0 -1 0
vn 0 -1 0
vn 0 -1 0
vn 0 -1 0
vn 0 -1 0
vn 0 -1 0
vn 0 -1 0
vn 0 -1 0
vn 0 -1 0
vn 0 -1 0
vn 0 -1 0
vn 0 -1 0
vn 0 -1 0
vn 0 1 0
vn 0 1 0
vn 0 1 0
vn 0 1 0
vn 0 1 0
vn 0 1 0
vn 0 1 0
vn 0 1 0
vn 0 1 0
vn 0 1 0
vn 0 1 0
vn 0 1 0
vn 0 1 0
vn 0 1 0
vn 0 1 0
vn 0.11196448089369757 -2.7795084059352926e-17 -0.9937122093534954
vn 0.11196448089369757 0 -0.9937122093534954
vn 0.9937122093534954 0 -0.11196448089369757
vn 0.9825925071092969 3.691025309966785e-17 -0.18577396204168745
vn 0.9166182633145221 9.82444039610885e-17 -0.39976362935898685
vn 0.804680957010314 -2.121817940752875e-16 -0.5937074678871449
vn 0.6523936211295792 -1.1541161078342264e-16 -0.7578803092239798
vn 0.46739251232585666 0 -0.884049907766368
vn 0.2589543434838022 -7.326285669543731e-17 -0.9658895630406579
vn 0.9937122093534954 1.38117269971139e-17 -0.11196448089369757
vn 0.18577396204168745 -7.326286071026872e-17 -0.9825925071092969
vn 0.39976362935898685 -5.462869389986967e-17 -0.9166182633145221
vn 0.5937074678871449 0 -0.804680957010314
vn 0.7578803092239798 -2.554611593930111e-16 -0.6523936211295792
vn 0.884049907766368 -6.945584261227597e-17 -0.46739251232585666
vn 0.9658895630406579 6.422459834330902e-17 -0.2589543434838022
vn -0.9953585874472329 -2.42603274029763e-16 0.09623555681269363
vn -0.9747971430860493 -3.1482087635689765e-16 0.22309309678086547
vn -0.9140017284811467 -1.913712674754343e-17 0.405710291135776
vn -0.819347004184273 -4.492903849641339e-17 0.5732979040030208
vn -0.7808987446156203 0 0.6246576267506451
vn -0.9953585874472329 0 0.09623555681269363
vn -0.7808987446156203 -3.8528292582854646e-17 0.6246576267506451
vn -0.8545610212753774 -4.492903576814689e-17 0.5193509997263739
vn -0.938228467259016 -1.5241549865928264e-16 0.34601639155507874
vn -0.9871391115097884 -3.14820874074137e-16 0.15986361226891393
vn 0 -1 0
vn 0 -1 0
vn 0 -1 0
vn 0 -1 0
vn 0 -1 0
vn 0 -1 0
vn 0 -1 0
vn 0 -1 0
vn 0 -1 0
vn 0 -1 0
vn 0 -1 0
vn 0 -1 0
vn 0 -1 0
vn 0 -1 0
vn 0 -1 0
vn 0 1 0
vn 0 1 0
vn 0 1 0
vn 0 1 0
vn 0 1 0
vn 0 1 0
vn 0 1 0
vn 0 1 0
vn 0 1 0
vn 0 1 0
vn 0 1 0
vn 0.42553865867128826 0 0.9049402466330254
vn 0.4864387968123688 -7.423499561092419e-18 0.8737146541953701
vn 0.6546269716290031 -1.3491918104075887e-16 0.7559520672740041
vn 0.7952191344796958 5.694867516686929e-17 0.6063221323334348
vn 0.9022886387464752 2.8597625033718134e-16 0.4311324766113458
vn 0.9713218947993716 7.423240023148403e-17 0.23776832565200645
vn 0.9947166330362952 -1.7602040930930978e-17 0.10265875491616033
vn 0.42553865867128826 -3.4552359855833465e-17 0.9049402466330254
vn 0.9947166330362952 0 0.10265875491616033
vn 0.985365348750694 -4.6288078300848716e-17 0.1704556525358518
vn 0.9297835420549421 1.6894789808751971e-16 0.3681067303429343
vn 0.8350064379235607 2.0799439847276815e-16 0.5502401735844148
vn 0.7050294374229022 -1.0810063580852239e-16 0.7091780399639754
vn 0.545331661174814 -8.994247213652116e-17 0.8382203644151803
vn -0.9962733283683342 0 -0.08625227638666333
vn -0.9896687102889825 0 -0.14337309327395403
vn -0.950303191292675 0 -0.31132594594565605
vn -0.9082147808829878 0 -0.41850437487040276
vn -0.9962733283683342 0 -0.08625227638666333
vn -0.9082147808829878 0 -0.41850437487040276
vn -0.93076794028495 0 -0.36561050496082775
vn -0.9797535657929591 0 -0.2002072683894912
vn 0 1 0
vn 0 1 0
vn 0 1 0
vn 0 1 0
vn 1 0 0
vn 1 0 0
vn 1 0 0
vn 1 0 0
vn -1 0 0
vn -1 0 0
vn -1 0 0
vn -1 0 0
vn 0 1 0
vn 0 1 0
vn 0 1 0
vn 0 1 0
vn 0 -1 0
vn 0 -1 0
vn 0 -1 0
vn 0 -1 0
vn 0 0 -1
vn 0 0 -1
vn 0 0 -1
vn 0 0 -1
vn -1 0 0
vn -1 0 0
vn -1 0 0
vn -1 0 0
vn 0 -1 0
vn 0 -1 0
vn 0 -1 0
vn 0 -1 0
vn 0 -1 0
vn 0 -1 0
vn 0 -1 0
vn 0 -1 0
vn 0 -1 0
vn 0 -1 0
vn 0 -1 0
vn 0 -1 0
vn 0 -1 0
vn 0 -1 0
vn 0 -1 0
vn 0 1 0
vn 0 1 0
vn 0 1 0
vn 0 1 0
vn 0 1 0
vn 0 1 0
vn 0 1 0
vn 0 1 0
vn 0 1 0
vn 0 1 0
vn 0 1 0
vn 0 1 0
vn 0 1 0
vn 0 1 0
vn 0 1 0
vn 0.11196448089369757 -2.7795084059352926e-17 -0.9937122093534954
vn 0.11196448089369757 0 -0.9937122093534954
vn 0.9937122093534954 0 -0.11196448089369757
vn 0.9825925071092969 3.691025309966785e-17 -0.18577396204168745
vn 0.9166182633145221 9.82444039610885e-17 -0.39976362935898685
vn 0.804680957010314 -2.121817940752875e-16 -0.5937074678871449
vn 0.6523936211295792 -1.1541161078342264e-16 -0.7578803092239798
vn 0.46739251232585666 0 -0.884049907766368
vn 0.2589543434838022 -7.326285669543731e-17 -0.9658895630406579
vn 0.9937122093534954 1.38117269971139e-17 -0.11196448089369757
vn 0.18577396204168745 -7.326286071026872e-17 -0.9825925071092969
vn 0.39976362935898685 -5.462869389986967e-17 -0.9166182633145221
vn 0.5937074678871449 0 -0.804680957010314
vn 0.7578803092239798 -2.554611593930111e-16 -0.6523936211295792
vn 0.884049907766368 -6.945584261227597e-17 -0.46739251232585666
vn 0.9658895630406579 6.422459834330902e-17 -0.2589543434838022
vn -0.9953585874472329 -2.42603274029763e-16 0.09623555681269363
vn -0.9747971430860493 -3.1482087635689765e-16 0.22309309678086547
vn -0.9140017284811467 -1.913712674754343e-17 0.405710291135776
vn -0.819347004184273 -4.492903849641339e-17 0.5732979040030208
vn -0.7808987446156203 0 0.6246576267506451
vn -0.9953585874472329 0 0.09623555681269363
vn -0.7808987446156203 -3.8528292582854646e-17 0.6246576267506451
vn -0.8545610212753774 -4.492903576814689e-17 0.5193509997263739
vn -0.938228467259016 -1.5241549865928264e-16 0.34601639155507874
vn -0.9871391115097884 -3.14820874074137e-16 0.15986361226891393
vn 0 -1 0
vn 0 -1 0
vn 0 -1 0
vn 0 -1 0
vn 0 -1 0
vn 0 -1 0
vn 0 -1 0
vn 0 -1 0
vn 0 -1 0
vn 0 -1 0
vn 0 -1 0
vn 0 -1 0
vn 0 -1 0
vn 0 -1 0
vn 0 -1 0
vn 0 1 0
vn 0 1 0
vn 0 1 0
vn 0 1 0
vn 0 1 0
vn 0 1 0
vn 0 1 0
vn 0 1 0
vn 0 1 0
vn 0 1 0
vn 0 1 0
vn 0.42553865867128826 0 0.9049402466330254
vn 0.4864387968123688 -7.423499561092419e-18 0.8737146541953701
vn 0.6546269716290031 -1.3491918104075887e-16 0.7559520672740041
vn 0.7952191344796958 5.694867516686929e-17 0.6063221323334348
vn 0.9022886387464752 2.8597625033718134e-16 0.4311324766113458
vn 0.9713218947993716 7.423240023148403e-17 0.23776832565200645
vn 0.9947166330362952 -1.7602040930930978e-17 0.10265875491616033
vn 0.42553865867128826 -3.4552359855833465e-17 0.9049402466330254
vn 0.9947166330362952 0 0.10265875491616033
vn 0.985365348750694 -4.6288078300848716e-17 0.1704556525358518
vn 0.9297835420549421 1.6894789808751971e-16 0.3681067303429343
vn 0.8350064379235607 2.0799439847276815e-16 0.5502401735844148
vn 0.7050294374229022 -1.0810063580852239e-16 0.7091780399639754
vn 0.545331661174814 -8.994247213652116e-17 0.8382203644151803
vn -0.9962733283683342 0 -0.08625227638666333
vn -0.9896687102889825 0 -0.14337309327395403
vn -0.950303191292675 0 -0.31132594594565605
vn -0.9082147808829878 0 -0.41850437487040276
vn -0.9962733283683342 0 -0.08625227638666333
vn -0.9082147808829878 0 -0.41850437487040276
vn -0.93076794028495 0 -0.36561050496082775
vn -0.9797535657929591 0 -0.2002072683894912
vn 0 1 0
vn 0 1 0
vn 0 1 0
vn 0 1 0
vn -1 0 0
vn -1 0 0
vn -1 0 0
vn -1 0 0
vn 1 0 0
vn 1 0 0
vn 1 0 0
vn 1 0 0
vn 0 1 0
vn 0 1 0
vn 0 1 0
vn 0 1 0
vn 0 -1 0
vn 0 -1 0
vn 0 -1 0
vn 0 -1 0
vn 0 0 -1
vn 0 0 -1
vn 0 0 -1
vn 0 0 -1
vn 1 0 0
vn 1 0 0
vn 1 0 0
vn 1 0 0
vn 0 -1 0
vn 0 -1 0
vn 0 -1 0
vn 0 -1 0
vn 0 -1 0
vn 0 -1 0
vn 0 -1 0
vn 0 -1 0
vn 0 -1 0
vn 0 -1 0
vn 0 -1 0
vn 0 -1 0
vn 0 -1 0
vn 0 -1 0
vn 0 -1 0
vn 0 1 0
vn 0 1 0
vn 0 1 0
vn 0 1 0
vn 0 1 0
vn 0 1 0
vn 0 1 0
vn 0 1 0
vn 0 1 0
vn 0 1 0
vn 0 1 0
vn 0 1 0
vn 0 1 0
vn 0 1 0
vn 0 1 0
vn -0.11196448089369757 -2.76234539942278e-17 -0.9937122093534954
vn -0.11196448089369757 0 -0.9937122093534954
vn -0.18577396204168745 -7.31477965732326e-17 -0.9825925071092969
vn -0.39976362935898685 -5.462869389986967e-17 -0.9166182633145221
vn -0.6234898180475098 -8.777929120291951e-17 -0.7818314695579113
vn -0.7818314695579113 -3.8578100995997097e-16 -0.6234898180475098
vn -0.884049907766368 -6.873571901082577e-17 -0.46739251232585666
vn -0.9749279122739302 4.77675728229237e-17 -0.22252093355276922
vn -0.9937122093534954 0 -0.11196448089369757
vn -0.9937122093534954 1.3449233261670624e-17 -0.11196448089369757
vn -0.9749279122739302 5.453474120644482e-17 -0.22252093355276922
vn -0.9166182633145221 9.862818269289173e-17 -0.39976362935898685
vn -0.7818314695579113 -1.5986762740341173e-16 -0.6234898180475098
vn -0.6234898180475098 0 -0.7818314695579113
vn -0.46739251232585666 0 -0.884049907766368
vn -0.2589543434838022 -7.314779256470675e-17 -0.9658895630406579
vn 0.7808987446156203 -3.8528292582854646e-17 0.6246576267506451
vn 0.8545610212753774 -4.464656020957469e-17 0.5193509997263739
vn 0.938228467259016 -1.5241549865928264e-16 0.34601639155507874
vn 0.9871391115097884 -3.1477502841836975e-16 0.15986361226891393
vn 0.9953585874472329 0 0.09623555681269363
vn 0.9953585874472329 -2.425347437661922e-16 0.09623555681269363
vn 0.9747971430860493 -3.14775030700798e-16 0.22309309678086547
vn 0.9140017284811467 -1.8854651178007504e-17 0.405710291135776
vn 0.8193469845939845 -4.4646561813167257e-17 0.5732979320011062
vn 0.7808987446156203 0 0.6246576267506451
vn 0 -1 0
vn 0 -1 0
vn 0 -1 0
vn 0 -1 0
vn 0 -1 0
vn 0 -1 0
vn 0 -1 0
vn 0 -1 0
vn 0 -1 0
vn 0 -1 0
vn 0 -1 0
vn 0 -1 0
vn 0 -1 0
vn 0 -1 0
vn 0 -1 0
vn 0 1 0
vn 0 1 0
vn 0 1 0
vn 0 1 0
vn 0 1 0
vn 0 1 0
vn 0 1 0
vn 0 1 0
vn 0 1 0
vn 0 1 0
vn 0 1 0
vn -0.9947166330362952 0 0.10265875491616033
vn -0.985365348750694 -4.6161264893237236e-17 0.1704556525358518
vn -0.9297835420549421 1.6824394751953829e-16 0.3681067303429343
vn -0.8350064379235607 2.083894996484403e-16 0.5502401735844148
vn -0.7050294374229022 -1.0807445057870164e-16 0.7091780399639754
vn -0.545331661174814 -8.880018864125912e-17 0.8382203644151803
vn -0.42553865867128826 -3.4552359855833465e-17 0.9049402466330254
vn -0.42553865867128826 0 0.9049402466330254
vn -0.4864387968123688 -6.2812077658320545e-18 0.8737146541953701
vn -0.6546269716290031 -1.3375072554890204e-16 0.7559520672740041
vn -0.7952191344796958 5.736996815332157e-17 0.6063221323334348
vn -0.9022886387464752 2.8566742741068155e-16 0.4311324766113458
vn -0.9713218947993716 7.365527300107572e-17 0.23776832565200645
vn -0.9947166330362952 -1.7412712525748803e-17 0.10265875491616033
vn 0.9082147808829878 0 -0.41850437487040276
vn 0.93076794028495 0 -0.36561050496082775
vn 0.9851210902112179 0 -0.17186168165435153
vn 0.9962733283683342 0 -0.08625227638666333
vn 0.9962733283683342 0 -0.08625227638666333
vn 0.9851210869260573 0 -0.17186170048508
vn 0.950303191292675 0 -0.31132594594565605
vn 0.9082147808829878 0 -0.41850437487040276
vn 0 1 0
vn 0 1 0
vn 0 1 0
vn 0 1 0
vn -1 0 0
vn -1 0 0
vn -1 0 0
vn -1 0 0
vn 1 0 0
vn 1 0 0
vn 1 0 0
vn 1 0 0
vn 0 1 0
vn 0 1 0
vn 0 1 0
vn 0 1 0
vn 0 -1 0
vn 0 -1 0
vn 0 -1 0
vn 0 -1 0
vn 0 0 -1
vn 0 0 -1
vn 0 0 -1
vn 0 0 -1
vn 1 0 0
vn 1 0 0
vn 1 0 0
vn 1 0 0
vn 0 -1 0
vn 0 -1 0
vn 0 -1 0
vn 0 -1 0
vn 0 -1 0
vn 0 -1 0
vn 0 -1 0
vn 0 -1 0
vn 0 -1 0
vn 0 -1 0
vn 0 -1 0
vn 0 -1 0
vn 0 -1 0
vn 0 -1 0
vn 0 -1 0
vn 0 1 0
vn 0 1 0
vn 0 1 0
vn 0 1 0
vn 0 1 0
vn 0 1 0
vn 0 1 0
vn 0 1 0
vn 0 1 0
vn 0 1 0
vn 0 1 0
vn 0 1 0
vn 0 1 0
vn 0 1 0
vn 0 1 0
vn -0.11196448089369757 -2.76234539942278e-17 -0.9937122093534954
vn -0.11196448089369757 0 -0.9937122093534954
vn -0.18577396204168745 -7.31477965732326e-17 -0.9825925071092969
vn -0.39976362935898685 -5.462869389986967e-17 -0.9166182633145221
vn -0.6234898180475098 -8.777929120291951e-17 -0.7818314695579113
vn -0.7818314695579113 -3.8578100995997097e-16 -0.6234898180475098
vn -0.884049907766368 -6.873571901082577e-17 -0.46739251232585666
vn -0.9658895630406579 6.388824023996742e-17 -0.2589543434838022
vn -0.9937122093534954 1.38117269971139e-17 -0.11196448089369757
vn -0.9937122093534954 0 -0.11196448089369757
vn -0.9825925071092969 3.65738982866163e-17 -0.18577396204168745
vn -0.9166182633145221 9.862818269289173e-17 -0.39976362935898685
vn -0.7818314695579113 -1.5986762740341173e-16 -0.6234898180475098
vn -0.6234898180475098 0 -0.7818314695579113
vn -0.46739251232585666 0 -0.884049907766368
vn -0.2589543434838022 -7.314779256470675e-17 -0.9658895630406579
vn 0.7808987446156203 -3.8528292582854646e-17 0.6246576267506451
vn 0.8545610212753774 -4.464656020957469e-17 0.5193509997263739
vn 0.938228467259016 -1.5241549865928264e-16 0.34601639155507874
vn 0.9871391115097884 -3.1477502841836975e-16 0.15986361226891393
vn 0.9953585874472329 0 0.09623555681269363
vn 0.9953585874472329 -2.425347437661922e-16 0.09623555681269363
vn 0.9747971430860493 -3.14775030700798e-16 0.22309309678086547
vn 0.9140017284811467 -1.8854651178007504e-17 0.405710291135776
vn 0.8193469845939845 -4.4646561813167257e-17 0.5732979320011062
vn 0.7808987446156203 0 0.6246576267506451
vn 0 -1 0
vn 0 -1 0
vn 0 -1 0
vn 0 -1 0
vn 0 -1 0
vn 0 -1 0
vn 0 -1 0
vn 0 -1 0
vn 0 -1 0
vn 0 -1 0
vn 0 -1 0
vn 0 -1 0
vn 0 -1 0
vn 0 -1 0
vn 0 -1 0
vn 0 1 0
vn 0 1 0
vn 0 1 0
vn 0 1 0
vn 0 1 0
vn 0 1 0
vn 0 1 0
vn 0 1 0
vn 0 1 0
vn 0 1 0
vn 0 1 0
vn -0.9947166330362952 0 0.10265875491616033
vn -0.985365348750694 -4.6161264893237236e-17 0.1704556525358518
vn -0.9297835420549421 1.6824394751953829e-16 0.3681067303429343
vn -0.8350064379235607 2.083894996484403e-16 0.5502401735844148
vn -0.7050294374229022 -1.0807445057870164e-16 0.7091780399639754
vn -0.545331661174814 -8.880018864125912e-17 0.8382203644151803
vn -0.42553865867128826 -3.4552359855833465e-17 0.9049402466330254
vn -0.42553865867128826 0 0.9049402466330254
vn -0.4864387968123688 -6.2812077658320545e-18 0.8737146541953701
vn -0.6546269716290031 -1.3375072554890204e-16 0.7559520672740041
vn -0.7952191344796958 5.736996815332157e-17 0.6063221323334348
vn -0.9022886387464752 2.8566742741068155e-16 0.4311324766113458
vn -0.9713218947993716 7.365527300107572e-17 0.23776832565200645
vn -0.9947166330362952 -1.7412712525748803e-17 0.10265875491616033
vn 0.9082147808829878 0 -0.41850437487040276
vn 0.93076794028495 0 -0.36561050496082775
vn 0.9851210902112179 0 -0.17186168165435153
vn 0.9962733283683342 0 -0.08625227638666333
vn 0.9962733283683342 0 -0.08625227638666333
vn 0.9851210869260573 0 -0.17186170048508
vn 0.950303191292675 0 -0.31132594594565605
vn 0.9082147808829878 0 -0.41850437487040276
vn -1 0 0
vn -1 0 0
vn -1 0 0
vn 0 1 0
vn 0 1 0
vn 0 1 0
vn 0 0 1
vn 0 0 1
vn 0 0 1
vn 0 0 1
vn 0 0 1
vn -0.7071067811865475 0.7071067811865475 0
vn -0.7071067811865475 0.7071067811865475 0
vn -0.7071067811865475 0.7071067811865475 0
vn -0.7071067811865475 0.7071067811865475 0
vn 0 0 1
vn 0 0 1
vn 0 0 1
vn 0 0 1
vn 0 0 1
vn 0 0 1
vn 0 0 1
vn 0 0 1
vn 0 0 1
vn 0 0 1
vn 0 0 1
vn 0 0 1
vn 0 0 1
vn 0 0 1
vn 0 0 1
vn 0 0 1
vn 0 0 1
vn 0 0 1
vn 0 0 1
vn 0 0 1
vn 0 0 1
vn 0 0 1
vn 0 0 1
vn 0 0 1
vn 0 0 1
vn 0 0 1
vn 0 0 1
vn 0 0 1
vn 0 0 1
vn 0 0 1
vn 0 0 1
vn 0 0 1
vn 0 0 1
vn 0 0 1
vn 0 0 1
vn 0 0 1
vn 0 0 1
vn 0 0 1
vn 0 0 1
vn 0 0 1
vn 0 0 1
vn 0 0 1
vn 0 0 1
vn 0 0 1
vn 0 0 1
vn 0 0 1
vn 0 0 1
vn 0 0 1
vn 0 0 1
vn 0 0 1
vn 0 0 1
vn 0 0 1
vn 0 0 1
vn 0 0 1
vn 0 0 1
vn 0 0 1
vn 0 0 1
vn 0 0 1
vn 0 0 1
vn 0 0 1
vn 0 0 1
vn 0 0 1
vn 0 0 1
vn 0 0 1
vn 0 0 1
f 77//77 79//79 76//76 
f 74//74 78//78 75//75 
f 2//2 1//1 142//142 
f 4//4 3//3 5//5 
f 143//143 79//79 77//77 
f 143//143 80//80 79//79 
f 144//144 143//143 77//77 
f 144//144 78//78 74//74 
f 144//144 74//74 73//73 
f 144//144 77//77 78//78 
f 145//145 81//81 80//80 
f 145//145 80//80 143//143 
f 146//146 145//145 143//143 
f 146//146 72//72 71//71 
f 146//146 73//73 72//72 
f 146//146 144//144 73//73 
f 146//146 143//143 144//144 
f 147//147 81//81 145//145 
f 147//147 82//82 81//81 
f 147//147 83//83 82//82 
f 148//148 147//147 145//145 
f 148//148 146//146 71//71 
f 148//148 145//145 146//146 
f 148//148 71//71 70//70 
f 149//149 84//84 83//83 
f 149//149 83//83 147//147 
f 150//150 149//149 147//147 
f 150//150 148//148 70//70 
f 150//150 70//70 69//69 
f 150//150 147//147 148//148 
f 151//151 84//84 149//149 
f 151//151 85//85 84//84 
f 152//152 150//150 69//69 
f 152//152 149//149 150//150 
f 152//152 151//151 149//149 
f 152//152 68//68 67//67 
f 152//152 69//69 68//68 
f 153//153 151//151 152//152 
f 153//153 86//86 85//85 
f 153//153 85//85 151//151 
f 154//154 153//153 152//152 
f 154//154 152//152 67//67 
f 154//154 67//67 66//66 
f 155//155 86//86 153//153 
f 155//155 87//87 86//86 
f 155//155 88//88 87//87 
f 156//156 155//155 153//153 
f 156//156 65//65 64//64 
f 156//156 66//66 65//65 
f 156//156 153//153 154//154 
f 156//156 154//154 66//66 
f 157//157 88//88 155//155 
f 157//157 89//89 88//88 
f 158//158 155//155 156//156 
f 158//158 156//156 64//64 
f 158//158 157//157 155//155 
f 158//158 64//64 63//63 
f 159//159 90//90 89//89 
f 159//159 89//89 157//157 
f 160//160 157//157 158//158 
f 160//160 158//158 63//63 
f 160//160 159//159 157//157 
f 160//160 63//63 62//62 
f 161//161 90//90 159//159 
f 161//161 91//91 90//90 
f 161//161 92//92 91//91 
f 162//162 161//161 159//159 
f 162//162 61//61 60//60 
f 162//162 62//62 61//61 
f 162//162 159//159 160//160 
f 162//162 160//160 62//62 
f 163//163 92//92 161//161 
f 163//163 93//93 92//92 
f 164//164 161//161 162//162 
f 164//164 162//162 60//60 
f 164//164 60//60 59//59 
f 164//164 163//163 161//161 
f 165//165 93//93 163//163 
f 165//165 163//163 164//164 
f 165//165 94//94 93//93 
f 166//166 58//58 57//57 
f 166//166 59//59 58//58 
f 166//166 165//165 164//164 
f 166//166 164//164 59//59 
f 167//167 95//95 94//94 
f 167//167 96//96 95//95 
f 167//167 94//94 165//165 
f 168//168 57//57 56//56 
f 168//168 165//165 166//166 
f 168//168 167//167 165//165 
f 168//168 166//166 57//57 
f 169//169 96//96 167//167 
f 169//169 97//97 96//96 
f 170//170 167//167 168//168 
f 170//170 55//55 54//54 
f 170//170 56//56 55//55 
f 170//170 169//169 167//167 
f 170//170 168//168 56//56 
f 171//171 97//97 169//169 
f 171//171 169//169 170//170 
f 171//171 98//98 97//97 
f 172//172 170//170 54//54 
f 172//172 171//171 170//170 
f 172//172 54//54 53//53 
f 173//173 98//98 171//171 
f 173//173 99//99 98//98 
f 174//174 172//172 53//53 
f 174//174 173//173 171//171 
f 174//174 53//53 52//52 
f 174//174 171//171 172//172 
f 175//175 99//99 173//173 
f 175//175 100//100 99//99 
f 175//175 101//101 100//100 
f 176//176 174//174 52//52 
f 176//176 173//173 174//174 
f 176//176 51//51 50//50 
f 176//176 52//52 51//51 
f 176//176 175//175 173//173 
f 177//177 102//102 101//101 
f 177//177 101//101 175//175 
f 178//178 177//177 175//175 
f 178//178 175//175 176//176 
f 178//178 176//176 50//50 
f 178//178 50//50 49//49 
f 179//179 103//103 102//102 
f 179//179 102//102 177//177 
f 180//180 178//178 49//49 
f 180//180 177//177 178//178 
f 180//180 48//48 47//47 
f 180//180 49//49 48//48 
f 180//180 179//179 177//177 
f 181//181 104//104 103//103 
f 181//181 105//105 104//104 
f 181//181 103//103 179//179 
f 182//182 179//179 180//180 
f 182//182 47//47 46//46 
f 182//182 181//181 179//179 
f 182//182 180//180 47//47 
f 183//183 106//106 105//105 
f 183//183 105//105 181//181 
f 184//184 183//183 181//181 
f 184//184 45//45 44//44 
f 184//184 181//181 182//182 
f 184//184 182//182 46//46 
f 184//184 46//46 45//45 
f 185//185 107//107 106//106 
f 185//185 106//106 183//183 
f 186//186 184//184 44//44 
f 186//186 44//44 43//43 
f 186//186 185//185 183//183 
f 186//186 183//183 184//184 
f 187//187 108//108 107//107 
f 187//187 109//109 108//108 
f 187//187 107//107 185//185 
f 188//188 186//186 43//43 
f 188//188 185//185 186//186 
f 188//188 43//43 42//42 
f 188//188 187//187 185//185 
f 189//189 110//110 109//109 
f 189//189 109//109 187//187 
f 190//190 41//41 40//40 
f 190//190 42//42 41//41 
f 190//190 188//188 42//42 
f 190//190 187//187 188//188 
f 190//190 189//189 187//187 
f 191//191 111//111 110//110 
f 191//191 110//110 189//189 
f 192//192 189//189 190//190 
f 192//192 191//191 189//189 
f 192//192 40//40 39//39 
f 192//192 190//190 40//40 
f 193//193 112//112 111//111 
f 193//193 191//191 192//192 
f 193//193 111//111 191//191 
f 194//194 193//193 192//192 
f 194//194 38//38 37//37 
f 194//194 39//39 38//38 
f 194//194 192//192 39//39 
f 195//195 113//113 112//112 
f 195//195 114//114 113//113 
f 195//195 112//112 193//193 
f 195//195 193//193 194//194 
f 196//196 194//194 37//37 
f 196//196 195//195 194//194 
f 196//196 37//37 36//36 
f 197//197 114//114 195//195 
f 197//197 115//115 114//114 
f 198//198 197//197 195//195 
f 198//198 36//36 35//35 
f 198//198 195//195 196//196 
f 198//198 196//196 36//36 
f 199//199 116//116 115//115 
f 199//199 115//115 197//197 
f 199//199 197//197 198//198 
f 200//200 199//199 198//198 
f 200//200 34//34 33//33 
f 200//200 35//35 34//34 
f 200//200 198//198 35//35 
f 201//201 116//116 199//199 
f 201//201 117//117 116//116 
f 201//201 118//118 117//117 
f 202//202 33//33 32//32 
f 202//202 199//199 200//200 
f 202//202 201//201 199//199 
f 202//202 200//200 33//33 
f 203//203 119//119 118//118 
f 203//203 118//118 201//201 
f 204//204 203//203 201//201 
f 204//204 31//31 30//30 
f 204//204 32//32 31//31 
f 204//204 202//202 32//32 
f 204//204 201//201 202//202 
f 205//205 119//119 203//203 
f 205//205 120//120 119//119 
f 205//205 203//203 204//204 
f 206//206 30//30 29//29 
f 206//206 204//204 30//30 
f 206//206 205//205 204//204 
f 207//207 121//121 120//120 
f 207//207 122//122 121//121 
f 207//207 120//120 205//205 
f 208//208 28//28 27//27 
f 208//208 29//29 28//28 
f 208//208 207//207 205//205 
f 208//208 206//206 29//29 
f 208//208 205//205 206//206 
f 209//209 123//123 122//122 
f 209//209 122//122 207//207 
f 209//209 207//207 208//208 
f 210//210 27//27 26//26 
f 210//210 208//208 27//27 
f 210//210 209//209 208//208 
f 211//211 124//124 123//123 
f 211//211 123//123 209//209 
f 212//212 26//26 25//25 
f 212//212 210//210 26//26 
f 212//212 209//209 210//210 
f 212//212 211//211 209//209 
f 213//213 125//125 124//124 
f 213//213 124//124 211//211 
f 214//214 24//24 23//23 
f 214//214 25//25 24//24 
f 214//214 212//212 25//25 
f 214//214 211//211 212//212 
f 214//214 213//213 211//211 
f 215//215 126//126 125//125 
f 215//215 127//127 126//126 
f 215//215 125//125 213//213 
f 216//216 23//23 22//22 
f 216//216 214//214 23//23 
f 216//216 213//213 214//214 
f 216//216 215//215 213//213 
f 217//217 128//128 127//127 
f 217//217 127//127 215//215 
f 217//217 215//215 216//216 
f 218//218 217//217 216//216 
f 218//218 21//21 20//20 
f 218//218 22//22 21//21 
f 218//218 216//216 22//22 
f 219//219 129//129 128//128 
f 219//219 128//128 217//217 
f 220//220 219//219 217//217 
f 220//220 20//20 19//19 
f 220//220 218//218 20//20 
f 220//220 217//217 218//218 
f 221//221 130//130 129//129 
f 221//221 131//131 130//130 
f 221//221 129//129 219//219 
f 221//221 219//219 220//220 
f 222//222 221//221 220//220 
f 222//222 220//220 19//19 
f 222//222 18//18 17//17 
f 222//222 19//19 18//18 
f 223//223 131//131 221//221 
f 223//223 132//132 131//131 
f 224//224 223//223 221//221 
f 224//224 222//222 17//17 
f 224//224 17//17 16//16 
f 224//224 221//221 222//222 
f 225//225 132//132 223//223 
f 225//225 133//133 132//132 
f 226//226 16//16 15//15 
f 226//226 224//224 16//16 
f 226//226 223//223 224//224 
f 226//226 225//225 223//223 
f 227//227 133//133 225//225 
f 227//227 225//225 226//226 
f 227//227 134//134 133//133 
f 227//227 135//135 134//134 
f 228//228 14//14 13//13 
f 228//228 15//15 14//14 
f 228//228 226//226 15//15 
f 228//228 227//227 226//226 
f 229//229 135//135 227//227 
f 229//229 136//136 135//135 
f 230//230 13//13 12//12 
f 230//230 228//228 13//13 
f 230//230 227//227 228//228 
f 230//230 229//229 227//227 
f 231//231 137//137 136//136 
f 231//231 136//136 229//229 
f 231//231 229//229 230//230 
f 232//232 11//11 10//10 
f 232//232 12//12 11//11 
f 232//232 231//231 230//230 
f 232//232 230//230 12//12 
f 233//233 138//138 137//137 
f 233//233 137//137 231//231 
f 234//234 10//10 9//9 
f 234//234 232//232 10//10 
f 234//234 231//231 232//232 
f 234//234 233//233 231//231 
f 235//235 139//139 138//138 
f 235//235 140//140 139//139 
f 235//235 138//138 233//233 
f 235//235 233//233 234//234 
f 236//236 9//9 8//8 
f 236//236 235//235 234//234 
f 236//236 234//234 9//9 
f 237//237 141//141 140//140 
f 237//237 140//140 235//235 
f 238//238 7//7 6//6 
f 238//238 8//8 7//7 
f 238//238 235//235 236//236 
f 238//238 236//236 8//8 
f 238//238 237//237 235//235 
f 239//239 2//2 142//142 
f 239//239 142//142 141//141 
f 239//239 141//141 237//237 
f 240//240 238//238 6//6 
f 240//240 3//3 2//2 
f 240//240 6//6 5//5 
f 240//240 2//2 239//239 
f 240//240 5//5 3//3 
f 240//240 237//237 238//238 
f 240//240 239//239 237//237 
f 244//244 308//308 243//243 
f 244//244 309//309 308//308 
f 245//245 309//309 244//244 
f 245//245 310//310 309//309 
f 246//246 310//310 245//245 
f 246//246 311//311 310//310 
f 247//247 311//311 246//246 
f 247//247 312//312 311//311 
f 248//248 312//312 247//247 
f 248//248 313//313 312//312 
f 249//249 313//313 248//248 
f 249//249 314//314 313//313 
f 250//250 314//314 249//249 
f 250//250 315//315 314//314 
f 251//251 315//315 250//250 
f 251//251 316//316 315//315 
f 252//252 316//316 251//251 
f 252//252 317//317 316//316 
f 253//253 318//318 317//317 
f 253//253 317//317 252//252 
f 254//254 319//319 318//318 
f 254//254 318//318 253//253 
f 255//255 320//320 319//319 
f 255//255 319//319 254//254 
f 256//256 321//321 320//320 
f 256//256 320//320 255//255 
f 257//257 322//322 321//321 
f 257//257 321//321 256//256 
f 258//258 323//323 322//322 
f 258//258 322//322 257//257 
f 259//259 324//324 323//323 
f 259//259 323//323 258//258 
f 260//260 324//324 259//259 
f 260//260 325//325 324//324 
f 261//261 325//325 260//260 
f 261//261 326//326 325//325 
f 262//262 326//326 261//261 
f 262//262 327//327 326//326 
f 263//263 327//327 262//262 
f 263//263 328//328 327//327 
f 264//264 328//328 263//263 
f 264//264 329//329 328//328 
f 265//265 329//329 264//264 
f 265//265 330//330 329//329 
f 266//266 330//330 265//265 
f 266//266 331//331 330//330 
f 267//267 331//331 266//266 
f 267//267 332//332 331//331 
f 268//268 332//332 267//267 
f 268//268 333//333 332//332 
f 269//269 333//333 268//268 
f 269//269 334//334 333//333 
f 270//270 334//334 269//269 
f 270//270 335//335 334//334 
f 271//271 335//335 270//270 
f 271//271 336//336 335//335 
f 272//272 336//336 271//271 
f 272//272 337//337 336//336 
f 273//273 337//337 272//272 
f 273//273 338//338 337//337 
f 274//274 338//338 273//273 
f 274//274 339//339 338//338 
f 275//275 339//339 274//274 
f 275//275 340//340 339//339 
f 276//276 340//340 275//275 
f 276//276 341//341 340//340 
f 277//277 342//342 341//341 
f 277//277 341//341 276//276 
f 278//278 343//343 342//342 
f 278//278 342//342 277//277 
f 279//279 344//344 343//343 
f 279//279 343//343 278//278 
f 280//280 345//345 344//344 
f 280//280 344//344 279//279 
f 281//281 346//346 345//345 
f 281//281 345//345 280//280 
f 282//282 347//347 346//346 
f 282//282 346//346 281//281 
f 283//283 348//348 347//347 
f 283//283 347//347 282//282 
f 284//284 349//349 348//348 
f 284//284 348//348 283//283 
f 285//285 349//349 284//284 
f 285//285 350//350 349//349 
f 286//286 350//350 285//285 
f 286//286 351//351 350//350 
f 287//287 352//352 351//351 
f 287//287 351//351 286//286 
f 288//288 352//352 287//287 
f 288//288 353//353 352//352 
f 289//289 354//354 353//353 
f 289//289 353//353 288//288 
f 290//290 355//355 354//354 
f 290//290 354//354 289//289 
f 291//291 356//356 355//355 
f 291//291 355//355 290//290 
f 292//292 357//357 356//356 
f 292//292 356//356 291//291 
f 293//293 358//358 357//357 
f 293//293 357//357 292//292 
f 294//294 359//359 358//358 
f 294//294 358//358 293//293 
f 295//295 360//360 359//359 
f 295//295 359//359 294//294 
f 296//296 361//361 360//360 
f 296//296 360//360 295//295 
f 297//297 362//362 361//361 
f 297//297 361//361 296//296 
f 298//298 363//363 362//362 
f 298//298 362//362 297//297 
f 299//299 364//364 363//363 
f 299//299 363//363 298//298 
f 300//300 365//365 364//364 
f 300//300 364//364 299//299 
f 301//301 366//366 365//365 
f 301//301 365//365 300//300 
f 302//302 367//367 366//366 
f 302//302 366//366 301//301 
f 303//303 368//368 367//367 
f 303//303 367//367 302//302 
f 304//304 369//369 368//368 
f 304//304 368//368 303//303 
f 305//305 370//370 369//369 
f 305//305 369//369 304//304 
f 306//306 371//371 370//370 
f 306//306 370//370 305//305 
f 307//307 372//372 371//371 
f 307//307 371//371 306//306 
f 242//242 241//241 372//372 
f 242//242 372//372 307//307 
f 376//376 412//412 375//375 
f 376//376 413//413 412//412 
f 377//377 414//414 413//413 
f 377//377 413//413 376//376 
f 378//378 415//415 414//414 
f 378//378 414//414 377//377 
f 379//379 416//416 415//415 
f 379//379 415//415 378//378 
f 380//380 417//417 416//416 
f 380//380 416//416 379//379 
f 381//381 417//417 380//380 
f 381//381 418//418 417//417 
f 382//382 418//418 381//381 
f 382//382 419//419 418//418 
f 383//383 419//419 382//382 
f 383//383 420//420 419//419 
f 384//384 420//420 383//383 
f 384//384 421//421 420//420 
f 385//385 421//421 384//384 
f 385//385 422//422 421//421 
f 386//386 422//422 385//385 
f 386//386 423//423 422//422 
f 387//387 423//423 386//386 
f 387//387 424//424 423//423 
f 388//388 424//424 387//387 
f 388//388 425//425 424//424 
f 389//389 425//425 388//388 
f 389//389 426//426 425//425 
f 390//390 426//426 389//389 
f 390//390 427//427 426//426 
f 391//391 427//427 390//390 
f 391//391 428//428 427//427 
f 392//392 428//428 391//391 
f 392//392 429//429 428//428 
f 393//393 429//429 392//392 
f 393//393 430//430 429//429 
f 394//394 430//430 393//393 
f 394//394 431//431 430//430 
f 395//395 432//432 431//431 
f 395//395 431//431 394//394 
f 396//396 433//433 432//432 
f 396//396 432//432 395//395 
f 397//397 434//434 433//433 
f 397//397 435//435 434//434 
f 397//397 433//433 396//396 
f 398//398 435//435 397//397 
f 399//399 436//436 435//435 
f 399//399 437//437 436//436 
f 399//399 435//435 398//398 
f 400//400 437//437 399//399 
f 401//401 438//438 437//437 
f 401//401 439//439 438//438 
f 401//401 437//437 400//400 
f 402//402 440//440 439//439 
f 402//402 439//439 401//401 
f 403//403 440//440 402//402 
f 404//404 441//441 440//440 
f 404//404 442//442 441//441 
f 404//404 440//440 403//403 
f 405//405 443//443 442//442 
f 405//405 442//442 404//404 
f 406//406 443//443 405//405 
f 407//407 443//443 406//406 
f 407//407 444//444 443//443 
f 408//408 444//444 407//407 
f 408//408 445//445 444//444 
f 408//408 446//446 445//445 
f 409//409 446//446 408//408 
f 410//410 446//446 409//409 
f 410//410 447//447 446//446 
f 411//411 447//447 410//410 
f 411//411 448//448 447//447 
f 374//374 448//448 411//411 
f 374//374 373//373 448//448 
f 451//451 453//453 452//452 
f 449//449 454//454 453//453 
f 449//449 453//453 451//451 
f 456//456 458//458 457//457 
f 450//450 458//458 456//456 
f 455//455 449//449 450//450 
f 455//455 454//454 449//449 
f 455//455 450//450 456//456 
f 466//466 459//459 465//465 
f 468//468 459//459 466//466 
f 467//467 468//468 466//466 
f 464//464 459//459 460//460 
f 464//464 465//465 459//459 
f 463//463 460//460 461//461 
f 463//463 461//461 462//462 
f 463//463 464//464 460//460 
f 473//473 474//474 475//475 
f 472//472 475//475 476//476 
f 472//472 473//473 475//475 
f 478//478 470//470 469//469 
f 471//471 478//478 469//469 
f 477//477 471//471 472//472 
f 477//477 472//472 476//476 
f 477//477 478//478 471//471 
f 484//484 483//483 487//487 
f 486//486 484//484 487//487 
f 485//485 484//484 486//486 
f 482//482 488//488 487//487 
f 482//482 487//487 483//483 
f 481//481 479//479 480//480 
f 481//481 480//480 488//488 
f 481//481 488//488 482//482 
f 512//512 510//510 505//505 
f 508//508 505//505 506//506 
f 508//508 512//512 505//505 
f 489//489 512//512 508//508 
f 490//490 489//489 508//508 
f 507//507 508//508 506//506 
f 491//491 511//511 512//512 
f 491//491 512//512 489//489 
f 493//493 491//491 492//492 
f 493//493 509//509 511//511 
f 493//493 511//511 491//491 
f 514//514 509//509 493//493 
f 496//496 516//516 514//514 
f 496//496 514//514 493//493 
f 498//498 516//516 496//496 
f 497//497 498//498 496//496 
f 495//495 493//493 494//494 
f 495//495 496//496 493//493 
f 504//504 513//513 515//515 
f 499//499 515//515 516//516 
f 499//499 516//516 498//498 
f 501//501 499//499 500//500 
f 501//501 515//515 499//499 
f 501//501 504//504 515//515 
f 503//503 501//501 502//502 
f 503//503 504//504 501//501 
f 504//504 505//505 510//510 
f 504//504 510//510 509//509 
f 504//504 509//509 514//514 
f 504//504 514//514 513//513 
f 518//518 517//517 519//519 
f 520//520 518//518 519//519 
f 523//523 524//524 525//525 
f 522//522 521//521 523//523 
f 526//526 523//523 525//525 
f 543//543 522//522 523//523 
f 543//543 523//523 526//526 
f 541//541 543//543 526//526 
f 538//538 539//539 540//540 
f 544//544 540//540 522//522 
f 544//544 522//522 543//543 
f 544//544 538//538 540//540 
f 542//542 538//538 544//544 
f 535//535 536//536 537//537 
f 535//535 537//537 538//538 
f 533//533 534//534 535//535 
f 547//547 533//533 535//535 
f 545//545 538//538 542//542 
f 545//545 535//535 538//538 
f 545//545 547//547 535//535 
f 532//532 533//533 547//547 
f 530//530 531//531 532//532 
f 528//528 529//529 530//530 
f 548//548 532//532 547//547 
f 548//548 530//530 532//532 
f 527//527 548//548 546//546 
f 527//527 528//528 530//530 
f 527//527 530//530 548//548 
f 526//526 527//527 546//546 
f 526//526 546//546 545//545 
f 526//526 545//545 542//542 
f 526//526 542//542 541//541 
f 549//549 551//551 552//552 
f 549//549 552//552 550//550 
f 555//555 557//557 556//556 
f 577//577 557//557 555//555 
f 553//553 577//577 555//555 
f 578//578 577//577 553//553 
f 594//594 578//578 595//595 
f 596//596 595//595 578//578 
f 593//593 578//578 594//594 
f 597//597 578//578 553//553 
f 597//597 596//596 578//578 
f 592//592 578//578 593//593 
f 598//598 597//597 553//553 
f 591//591 578//578 592//592 
f 599//599 598//598 553//553 
f 590//590 578//578 591//591 
f 579//579 578//578 590//590 
f 571//571 553//553 554//554 
f 571//571 599//599 553//553 
f 571//571 554//554 572//572 
f 571//571 600//600 599//599 
f 589//589 579//579 590//590 
f 601//601 600//600 571//571 
f 588//588 579//579 589//589 
f 602//602 601//601 571//571 
f 587//587 579//579 588//588 
f 586//586 579//579 587//587 
f 558//558 580//580 560//560 
f 558//558 577//577 580//580 
f 558//558 557//557 577//577 
f 585//585 579//579 586//586 
f 584//584 579//579 585//585 
f 559//559 558//558 560//560 
f 573//573 602//602 571//571 
f 573//573 603//603 602//602 
f 573//573 604//604 603//603 
f 573//573 605//605 604//604 
f 573//573 606//606 605//605 
f 573//573 607//607 606//606 
f 573//573 608//608 607//607 
f 561//561 560//560 580//580 
f 561//561 580//580 579//579 
f 561//561 583//583 582//582 
f 561//561 584//584 583//583 
f 561//561 579//579 584//584 
f 581//581 561//561 582//582 
f 609//609 608//608 573//573 
f 570//570 569//569 568//568 
f 570//570 573//573 571//571 
f 576//576 610//610 609//609 
f 576//576 611//611 610//610 
f 576//576 612//612 611//611 
f 576//576 613//613 612//612 
f 576//576 614//614 613//613 
f 576//576 615//615 614//614 
f 576//576 609//609 573//573 
f 574//574 573//573 570//570 
f 564//564 561//561 581//581 
f 564//564 616//616 615//615 
f 564//564 615//615 576//576 
f 564//564 617//617 616//616 
f 564//564 581//581 617//617 
f 563//563 562//562 561//561 
f 563//563 561//561 564//564 
f 565//565 576//576 575//575 
f 565//565 564//564 576//576 
f 567//567 566//566 565//565 
f 567//567 574//574 568//568 
f 574//574 570//570 568//568 
f 567//567 575//575 574//574 
f 567//567 565//565 575//575 
f 631//631 629//629 630//630 
f 633//633 631//631 632//632 
f 634//634 631//631 633//633 
f 635//635 631//631 634//634 
f 637//637 635//635 636//636 
f 644//644 645//645 646//646 
f 644//644 646//646 647//647 
f 639//639 637//637 638//638 
f 642//642 643//643 644//644 
f 641//641 618//618 619//619 
f 641//641 619//619 620//620 
f 641//641 620//620 621//621 
f 641//641 621//621 622//622 
f 641//641 622//622 623//623 
f 641//641 623//623 624//624 
f 641//641 624//624 625//625 
f 641//641 625//625 626//626 
f 641//641 626//626 627//627 
f 641//641 627//627 628//628 
f 641//641 628//628 629//629 
f 641//641 639//639 640//640 
f 641//641 647//647 648//648 
f 641//641 648//648 649//649 
f 641//641 649//649 650//650 
f 641//641 650//650 651//651 
f 641//641 651//651 652//652 
f 641//641 652//652 653//653 
f 641//641 653//653 654//654 
f 641//641 654//654 618//618 
f 641//641 644//644 647//647 
f 641//641 635//635 637//637 
f 641//641 629//629 631//631 
f 641//641 642//642 644//644 
f 641//641 637//637 639//639 
f 641//641 631//631 635//635 
f 656//656 657//657 655//655 
f 656//656 658//658 657//657 
f 661//661 659//659 660//660 
f 661//661 660//660 662//662 
f 663//663 666//666 665//665 
f 663//663 664//664 666//666 
f 668//668 669//669 667//667 
f 668//668 670//670 669//669 
f 674//674 671//671 672//672 
f 674//674 672//672 673//673 
f 676//676 677//677 675//675 
f 676//676 678//678 677//677 
f 681//681 679//679 680//680 
f 681//681 680//680 682//682 
f 683//683 686//686 685//685 
f 683//683 684//684 686//686 
f 688//688 689//689 687//687 
f 688//688 690//690 689//689 
f 694//694 691//691 692//692 
f 694//694 692//692 693//693 
f 695//695 698//698 697//697 
f 695//695 696//696 698//698 
f 700//700 702//702 701//701 
f 700//700 699//699 702//702 
f 705//705 704//704 706//706 
f 703//703 704//704 705//705 
f 707//707 710//710 709//709 
f 707//707 708//708 710//710 
f 714//714 712//712 711//711 
f 714//714 713//713 712//712 
f 717//717 715//715 716//716 
f 717//717 716//716 718//718 
f 720//720 721//721 719//719 
f 722//722 721//721 720//720 
f 723//723 726//726 725//725 
f 723//723 724//724 726//726 
f 730//730 729//729 728//728 
f 727//727 730//730 728//728 
f 733//733 732//732 734//734 
f 731//731 732//732 733//733 
f 735//735 738//738 737//737 
f 735//735 736//736 738//738 
f 740//740 742//742 741//741 
f 740//740 739//739 742//742 
f 745//745 746//746 743//743 
f 744//744 745//745 743//743 
f 748//748 752//752 747//747 
f 750//750 748//748 749//749 
f 750//750 751//751 748//748 
f 751//751 752//752 748//748 
f 755//755 758//758 754//754 
f 753//753 755//755 754//754 
f 756//756 757//757 755//755 
f 757//757 758//758 755//755 
f 760//760 761//761 762//762 
f 760//760 762//762 759//759 
f 831//831 765//765 830//830 
f 829//829 830//830 765//765 
f 832//832 765//765 831//831 
f 828//828 829//829 765//765 
f 833//833 765//765 832//832 
f 827//827 828//828 765//765 
f 834//834 765//765 833//833 
f 826//826 827//827 765//765 
f 835//835 765//765 834//834 
f 825//825 826//826 765//765 
f 836//836 765//765 835//835 
f 824//824 825//825 765//765 
f 837//837 765//765 836//836 
f 823//823 824//824 765//765 
f 838//838 765//765 837//837 
f 822//822 823//823 765//765 
f 821//821 822//822 765//765 
f 763//763 768//768 769//769 
f 763//763 769//769 770//770 
f 763//763 770//770 771//771 
f 763//763 771//771 772//772 
f 763//763 772//772 773//773 
f 763//763 838//838 768//768 
f 763//763 765//765 838//838 
f 774//774 763//763 773//773 
f 775//775 763//763 774//774 
f 776//776 763//763 775//775 
f 766//766 821//821 765//765 
f 766//766 813//813 814//814 
f 766//766 814//814 815//815 
f 766//766 815//815 816//816 
f 766//766 816//816 817//817 
f 766//766 817//817 818//818 
f 766//766 818//818 819//819 
f 766//766 819//819 820//820 
f 766//766 820//820 821//821 
f 777//777 763//763 776//776 
f 812//812 813//813 766//766 
f 811//811 812//812 766//766 
f 810//810 811//811 766//766 
f 764//764 777//777 778//778 
f 764//764 778//778 779//779 
f 764//764 763//763 777//777 
f 780//780 764//764 779//779 
f 809//809 810//810 766//766 
f 781//781 764//764 780//780 
f 808//808 809//809 766//766 
f 782//782 764//764 781//781 
f 807//807 808//808 766//766 
f 783//783 764//764 782//782 
f 806//806 807//807 766//766 
f 784//784 764//764 783//783 
f 805//805 806//806 766//766 
f 785//785 764//764 784//784 
f 804//804 805//805 766//766 
f 767//767 788//788 789//789 
f 767//767 789//789 790//790 
f 767//767 790//790 791//791 
f 767//767 791//791 792//792 
f 767//767 792//792 793//793 
f 767//767 793//793 794//794 
f 767//767 794//794 795//795 
f 767//767 795//795 796//796 
f 767//767 796//796 797//797 
f 767//767 797//797 798//798 
f 767//767 798//798 799//799 
f 767//767 799//799 800//800 
f 767//767 800//800 801//801 
f 767//767 801//801 802//802 
f 767//767 802//802 803//803 
f 767//767 803//803 804//804 
f 767//767 804//804 766//766 
f 767//767 764//764 786//786 
f 786//786 764//764 785//785 
f 767//767 786//786 787//787 
f 767//767 787//787 788//788 
f 839//839 841//841 842//842 
f 839//839 842//842 840//840 
f 844//844 843//843 845//845 
f 844//844 845//845 846//846 
f 849//849 847//847 848//848 
f 849//849 848//848 850//850 
f 854//854 851//851 852//852 
f 854//854 853//853 851//851 
f 857//857 856//856 855//855 
f 857//857 855//855 858//858 
f 860//860 861//861 859//859 
f 860//860 862//862 861//861 
f 866//866 863//863 864//864 
f 866//866 865//865 863//863 
f 872//872 868//868 867//867 
f 881//881 871//871 870//870 
f 875//875 872//872 873//873 
f 875//875 873//873 874//874 
f 880//880 870//870 869//869 
f 880//880 881//881 870//870 
f 876//876 872//872 875//875 
f 879//879 869//869 868//868 
f 879//879 868//868 872//872 
f 879//879 880//880 869//869 
f 877//877 872//872 876//876 
f 878//878 879//879 872//872 
f 878//878 872//872 877//877 
f 896//896 895//895 894//894 
f 884//884 892//892 891//891 
f 890//890 883//883 882//882 
f 890//890 882//882 896//896 
f 885//885 893//893 892//892 
f 885//885 892//892 884//884 
f 889//889 890//890 896//896 
f 886//886 894//894 893//893 
f 886//886 896//896 894//894 
f 886//886 893//893 885//885 
f 888//888 889//889 896//896 
f 887//887 896//896 886//886 
f 887//887 888//888 896//896 
f 900//900 899//899 906//906 
f 900//900 906//906 912//912 
f 901//901 912//912 911//911 
f 901//901 900//900 912//912 
f 902//902 911//911 910//910 
f 902//902 901//901 911//911 
f 903//903 910//910 909//909 
f 903//903 902//902 910//910 
f 904//904 909//909 908//908 
f 904//904 903//903 909//909 
f 905//905 908//908 907//907 
f 905//905 904//904 908//908 
f 897//897 907//907 898//898 
f 897//897 905//905 907//907 
f 913//913 922//922 918//918 
f 914//914 921//921 922//922 
f 914//914 922//922 913//913 
f 915//915 920//920 921//921 
f 915//915 921//921 914//914 
f 916//916 919//919 920//920 
f 916//916 920//920 915//915 
f 917//917 919//919 916//916 
f 924//924 923//923 925//925 
f 924//924 925//925 926//926 
f 934//934 931//931 932//932 
f 934//934 932//932 933//933 
f 930//930 931//931 934//934 
f 929//929 934//934 937//937 
f 929//929 930//930 934//934 
f 928//928 937//937 936//936 
f 928//928 929//929 937//937 
f 927//927 936//936 935//935 
f 927//927 928//928 936//936 
f 946//946 940//940 941//941 
f 946//946 941//941 942//942 
f 943//943 946//946 942//942 
f 944//944 947//947 946//946 
f 944//944 946//946 943//943 
f 945//945 948//948 947//947 
f 945//945 947//947 944//944 
f 939//939 938//938 948//948 
f 939//939 948//948 945//945 
f 950//950 949//949 956//956 
f 950//950 956//956 962//962 
f 951//951 962//962 961//961 
f 951//951 950//950 962//962 
f 952//952 961//961 960//960 
f 952//952 951//951 961//961 
f 953//953 960//960 959//959 
f 953//953 952//952 960//960 
f 954//954 959//959 958//958 
f 954//954 953//953 959//959 
f 955//955 958//958 957//957 
f 955//955 954//954 958//958 
f 969//969 965//965 966//966 
f 969//969 966//966 968//968 
f 970//970 964//964 965//965 
f 970//970 965//965 969//969 
f 967//967 963//963 964//964 
f 967//967 964//964 970//970 
f 971//971 973//973 974//974 
f 971//971 974//974 972//972 
f 976//976 975//975 977//977 
f 976//976 977//977 978//978 
f 981//981 979//979 980//980 
f 981//981 980//980 982//982 
f 986//986 983//983 984//984 
f 986//986 985//985 983//983 
f 989//989 988//988 987//987 
f 989//989 987//987 990//990 
f 992//992 993//993 991//991 
f 992//992 994//994 993//993 
f 998//998 995//995 996//996 
f 998//998 997//997 995//995 
f 1004//1004 1000//1000 999//999 
f 1013//1013 1003//1003 1002//1002 
f 1007//1007 1004//1004 1005//1005 
f 1007//1007 1005//1005 1006//1006 
f 1012//1012 1002//1002 1001//1001 
f 1012//1012 1013//1013 1002//1002 
f 1008//1008 1004//1004 1007//1007 
f 1011//1011 1001//1001 1000//1000 
f 1011//1011 1000//1000 1004//1004 
f 1011//1011 1012//1012 1001//1001 
f 1009//1009 1004//1004 1008//1008 
f 1010//1010 1011//1011 1004//1004 
f 1010//1010 1004//1004 1009//1009 
f 1028//1028 1027//1027 1026//1026 
f 1016//1016 1024//1024 1023//1023 
f 1022//1022 1015//1015 1014//1014 
f 1022//1022 1014//1014 1028//1028 
f 1017//1017 1025//1025 1024//1024 
f 1017//1017 1024//1024 1016//1016 
f 1021//1021 1022//1022 1028//1028 
f 1018//1018 1026//1026 1025//1025 
f 1018//1018 1028//1028 1026//1026 
f 1018//1018 1025//1025 1017//1017 
f 1020//1020 1021//1021 1028//1028 
f 1019//1019 1028//1028 1018//1018 
f 1019//1019 1020//1020 1028//1028 
f 1032//1032 1031//1031 1038//1038 
f 1032//1032 1038//1038 1044//1044 
f 1033//1033 1044//1044 1043//1043 
f 1033//1033 1032//1032 1044//1044 
f 1034//1034 1043//1043 1042//1042 
f 1034//1034 1033//1033 1043//1043 
f 1035//1035 1042//1042 1041//1041 
f 1035//1035 1034//1034 1042//1042 
f 1036//1036 1041//1041 1040//1040 
f 1036//1036 1035//1035 1041//1041 
f 1037//1037 1040//1040 1039//1039 
f 1037//1037 1036//1036 1040//1040 
f 1029//1029 1039//1039 1030//1030 
f 1029//1029 1037//1037 1039//1039 
f 1045//1045 1054//1054 1050//1050 
f 1046//1046 1053//1053 1054//1054 
f 1046//1046 1054//1054 1045//1045 
f 1047//1047 1052//1052 1053//1053 
f 1047//1047 1053//1053 1046//1046 
f 1048//1048 1051//1051 1052//1052 
f 1048//1048 1052//1052 1047//1047 
f 1049//1049 1051//1051 1048//1048 
f 1056//1056 1055//1055 1057//1057 
f 1056//1056 1057//1057 1058//1058 
f 1066//1066 1063//1063 1064//1064 
f 1066//1066 1064//1064 1065//1065 
f 1062//1062 1063//1063 1066//1066 
f 1061//1061 1066//1066 1069//1069 
f 1061//1061 1062//1062 1066//1066 
f 1060//1060 1069//1069 1068//1068 
f 1060//1060 1061//1061 1069//1069 
f 1059//1059 1068//1068 1067//1067 
f 1059//1059 1060//1060 1068//1068 
f 1078//1078 1072//1072 1073//1073 
f 1078//1078 1073//1073 1074//1074 
f 1075//1075 1078//1078 1074//1074 
f 1076//1076 1079//1079 1078//1078 
f 1076//1076 1078//1078 1075//1075 
f 1077//1077 1080//1080 1079//1079 
f 1077//1077 1079//1079 1076//1076 
f 1071//1071 1070//1070 1080//1080 
f 1071//1071 1080//1080 1077//1077 
f 1082//1082 1081//1081 1088//1088 
f 1082//1082 1088//1088 1094//1094 
f 1083//1083 1094//1094 1093//1093 
f 1083//1083 1082//1082 1094//1094 
f 1084//1084 1093//1093 1092//1092 
f 1084//1084 1083//1083 1093//1093 
f 1085//1085 1092//1092 1091//1091 
f 1085//1085 1084//1084 1092//1092 
f 1086//1086 1091//1091 1090//1090 
f 1086//1086 1085//1085 1091//1091 
f 1087//1087 1090//1090 1089//1089 
f 1087//1087 1086//1086 1090//1090 
f 1101//1101 1097//1097 1098//1098 
f 1101//1101 1098//1098 1100//1100 
f 1102//1102 1096//1096 1097//1097 
f 1102//1102 1097//1097 1101//1101 
f 1099//1099 1095//1095 1096//1096 
f 1099//1099 1096//1096 1102//1102 
f 1104//1104 1105//1105 1106//1106 
f 1104//1104 1106//1106 1103//1103 
f 1109//1109 1107//1107 1108//1108 
f 1109//1109 1110//1110 1107//1107 
f 1113//1113 1112//1112 1111//1111 
f 1113//1113 1111//1111 1114//1114 
f 1115//1115 1118//1118 1117//1117 
f 1115//1115 1116//1116 1118//1118 
f 1121//1121 1120//1120 1119//1119 
f 1121//1121 1119//1119 1122//1122 
f 1123//1123 1125//1125 1124//1124 
f 1123//1123 1126//1126 1125//1125 
f 1127//1127 1130//1130 1129//1129 
f 1127//1127 1128//1128 1130//1130 
f 1136//1136 1137//1137 1138//1138 
f 1136//1136 1138//1138 1145//1145 
f 1135//1135 1145//1145 1144//1144 
f 1135//1135 1136//1136 1145//1145 
f 1134//1134 1135//1135 1144//1144 
f 1132//1132 1133//1133 1134//1134 
f 1132//1132 1144//1144 1143//1143 
f 1132//1132 1134//1134 1144//1144 
f 1142//1142 1132//1132 1143//1143 
f 1141//1141 1132//1132 1142//1142 
f 1140//1140 1131//1131 1132//1132 
f 1140//1140 1132//1132 1141//1141 
f 1139//1139 1131//1131 1140//1140 
f 1158//1158 1147//1147 1146//1146 
f 1158//1158 1148//1148 1147//1147 
f 1159//1159 1149//1149 1148//1148 
f 1159//1159 1148//1148 1158//1158 
f 1160//1160 1149//1149 1159//1159 
f 1156//1156 1150//1150 1149//1149 
f 1156//1156 1160//1160 1157//1157 
f 1156//1156 1149//1149 1160//1160 
f 1151//1151 1150//1150 1156//1156 
f 1152//1152 1151//1151 1156//1156 
f 1153//1153 1156//1156 1155//1155 
f 1153//1153 1152//1152 1156//1156 
f 1154//1154 1153//1153 1155//1155 
f 1161//1161 1162//1162 1163//1163 
f 1176//1176 1163//1163 1164//1164 
f 1176//1176 1161//1161 1163//1163 
f 1175//1175 1164//1164 1165//1165 
f 1175//1175 1176//1176 1164//1164 
f 1174//1174 1175//1175 1165//1165 
f 1173//1173 1165//1165 1166//1166 
f 1173//1173 1166//1166 1167//1167 
f 1173//1173 1174//1174 1165//1165 
f 1172//1172 1167//1167 1168//1168 
f 1172//1172 1173//1173 1167//1167 
f 1171//1171 1172//1172 1168//1168 
f 1170//1170 1168//1168 1169//1169 
f 1170//1170 1171//1171 1168//1168 
f 1185//1185 1178//1178 1177//1177 
f 1185//1185 1177//1177 1186//1186 
f 1184//1184 1179//1179 1178//1178 
f 1184//1184 1178//1178 1185//1185 
f 1183//1183 1180//1180 1179//1179 
f 1183//1183 1179//1179 1184//1184 
f 1182//1182 1181//1181 1180//1180 
f 1182//1182 1180//1180 1183//1183 
f 1188//1188 1190//1190 1187//1187 
f 1189//1189 1190//1190 1188//1188 
f 1194//1194 1199//1199 1198//1198 
f 1194//1194 1200//1200 1199//1199 
f 1194//1194 1201//1201 1200//1200 
f 1194//1194 1195//1195 1201//1201 
f 1193//1193 1198//1198 1197//1197 
f 1193//1193 1194//1194 1198//1198 
f 1192//1192 1197//1197 1196//1196 
f 1192//1192 1193//1193 1197//1197 
f 1191//1191 1192//1192 1196//1196 
f 1204//1204 1208//1208 1207//1207 
f 1204//1204 1209//1209 1208//1208 
f 1204//1204 1210//1210 1209//1209 
f 1204//1204 1211//1211 1210//1210 
f 1205//1205 1212//1212 1211//1211 
f 1205//1205 1211//1211 1204//1204 
f 1206//1206 1203//1203 1212//1212 
f 1206//1206 1212//1212 1205//1205 
f 1202//1202 1203//1203 1206//1206 
f 1226//1226 1213//1213 1214//1214 
f 1225//1225 1214//1214 1215//1215 
f 1225//1225 1226//1226 1214//1214 
f 1224//1224 1215//1215 1216//1216 
f 1224//1224 1225//1225 1215//1215 
f 1223//1223 1216//1216 1217//1217 
f 1223//1223 1224//1224 1216//1216 
f 1222//1222 1217//1217 1218//1218 
f 1222//1222 1223//1223 1217//1217 
f 1221//1221 1218//1218 1219//1219 
f 1221//1221 1222//1222 1218//1218 
f 1220//1220 1221//1221 1219//1219 
f 1229//1229 1231//1231 1230//1230 
f 1229//1229 1232//1232 1231//1231 
f 1229//1229 1233//1233 1232//1232 
f 1228//1228 1234//1234 1233//1233 
f 1228//1228 1233//1233 1229//1229 
f 1227//1227 1234//1234 1228//1228 
f 1236//1236 1237//1237 1238//1238 
f 1236//1236 1238//1238 1235//1235 
f 1241//1241 1239//1239 1240//1240 
f 1241//1241 1242//1242 1239//1239 
f 1245//1245 1244//1244 1243//1243 
f 1245//1245 1243//1243 1246//1246 
f 1247//1247 1250//1250 1249//1249 
f 1247//1247 1248//1248 1250//1250 
f 1253//1253 1252//1252 1251//1251 
f 1253//1253 1251//1251 1254//1254 
f 1255//1255 1257//1257 1256//1256 
f 1255//1255 1258//1258 1257//1257 
f 1259//1259 1262//1262 1261//1261 
f 1259//1259 1260//1260 1262//1262 
f 1268//1268 1269//1269 1270//1270 
f 1268//1268 1270//1270 1277//1277 
f 1267//1267 1277//1277 1276//1276 
f 1267//1267 1268//1268 1277//1277 
f 1266//1266 1267//1267 1276//1276 
f 1263//1263 1265//1265 1266//1266 
f 1263//1263 1276//1276 1275//1275 
f 1263//1263 1266//1266 1276//1276 
f 1274//1274 1263//1263 1275//1275 
f 1273//1273 1263//1263 1274//1274 
f 1272//1272 1264//1264 1263//1263 
f 1272//1272 1263//1263 1273//1273 
f 1271//1271 1264//1264 1272//1272 
f 1290//1290 1279//1279 1278//1278 
f 1290//1290 1280//1280 1279//1279 
f 1291//1291 1281//1281 1280//1280 
f 1291//1291 1280//1280 1290//1290 
f 1292//1292 1281//1281 1291//1291 
f 1288//1288 1282//1282 1281//1281 
f 1288//1288 1292//1292 1289//1289 
f 1288//1288 1281//1281 1292//1292 
f 1283//1283 1282//1282 1288//1288 
f 1284//1284 1283//1283 1288//1288 
f 1285//1285 1288//1288 1287//1287 
f 1285//1285 1284//1284 1288//1288 
f 1286//1286 1285//1285 1287//1287 
f 1293//1293 1294//1294 1295//1295 
f 1308//1308 1295//1295 1296//1296 
f 1308//1308 1293//1293 1295//1295 
f 1307//1307 1296//1296 1297//1297 
f 1307//1307 1308//1308 1296//1296 
f 1306//1306 1307//1307 1297//1297 
f 1305//1305 1297//1297 1298//1298 
f 1305//1305 1298//1298 1299//1299 
f 1305//1305 1306//1306 1297//1297 
f 1304//1304 1299//1299 1300//1300 
f 1304//1304 1305//1305 1299//1299 
f 1303//1303 1300//1300 1301//1301 
f 1303//1303 1304//1304 1300//1300 
f 1302//1302 1303//1303 1301//1301 
f 1317//1317 1310//1310 1309//1309 
f 1317//1317 1309//1309 1318//1318 
f 1316//1316 1311//1311 1310//1310 
f 1316//1316 1310//1310 1317//1317 
f 1315//1315 1312//1312 1311//1311 
f 1315//1315 1311//1311 1316//1316 
f 1314//1314 1313//1313 1312//1312 
f 1314//1314 1312//1312 1315//1315 
f 1320//1320 1322//1322 1319//1319 
f 1321//1321 1322//1322 1320//1320 
f 1326//1326 1331//1331 1330//1330 
f 1326//1326 1332//1332 1331//1331 
f 1326//1326 1333//1333 1332//1332 
f 1326//1326 1327//1327 1333//1333 
f 1325//1325 1330//1330 1329//1329 
f 1325//1325 1326//1326 1330//1330 
f 1324//1324 1329//1329 1328//1328 
f 1324//1324 1325//1325 1329//1329 
f 1323//1323 1324//1324 1328//1328 
f 1336//1336 1340//1340 1339//1339 
f 1336//1336 1341//1341 1340//1340 
f 1336//1336 1342//1342 1341//1341 
f 1336//1336 1343//1343 1342//1342 
f 1337//1337 1344//1344 1343//1343 
f 1337//1337 1343//1343 1336//1336 
f 1338//1338 1335//1335 1344//1344 
f 1338//1338 1344//1344 1337//1337 
f 1334//1334 1335//1335 1338//1338 
f 1358//1358 1345//1345 1346//1346 
f 1357//1357 1346//1346 1347//1347 
f 1357//1357 1358//1358 1346//1346 
f 1356//1356 1347//1347 1348//1348 
f 1356//1356 1357//1357 1347//1347 
f 1355//1355 1348//1348 1349//1349 
f 1355//1355 1356//1356 1348//1348 
f 1354//1354 1349//1349 1350//1350 
f 1354//1354 1355//1355 1349//1349 
f 1353//1353 1350//1350 1351//1351 
f 1353//1353 1354//1354 1350//1350 
f 1352//1352 1353//1353 1351//1351 
f 1361//1361 1363//1363 1362//1362 
f 1361//1361 1364//1364 1363//1363 
f 1361//1361 1365//1365 1364//1364 
f 1360//1360 1366//1366 1365//1365 
f 1360//1360 1365//1365 1361//1361 
f 1359//1359 1366//1366 1360//1360 
f 1368//1368 1367//1367 1369//1369 
f 1372//1372 1371//1371 1370//1370 
f 1373//1373 1375//1375 1374//1374 
f 1373//1373 1376//1376 1375//1375 
f 1373//1373 1377//1377 1376//1376 
f 1381//1381 1378//1378 1379//1379 
f 1381//1381 1380//1380 1378//1378 
f 1392//1392 1390//1390 1391//1391 
f 1386//1386 1387//1387 1388//1388 
f 1386//1386 1388//1388 1389//1389 
f 1395//1395 1393//1393 1394//1394 
f 1398//1398 1392//1392 1393//1393 
f 1398//1398 1395//1395 1396//1396 
f 1398//1398 1396//1396 1397//1397 
f 1398//1398 1393//1393 1395//1395 
f 1446//1446 1382//1382 1383//1383 
f 1400//1400 1398//1398 1399//1399 
f 1402//1402 1400//1400 1401//1401 
f 1442//1442 1443//1443 1444//1444 
f 1405//1405 1402//1402 1403//1403 
f 1405//1405 1403//1403 1404//1404 
f 1440//1440 1442//1442 1444//1444 
f 1440//1440 1441//1441 1442//1442 
f 1440//1440 1444//1444 1445//1445 
f 1406//1406 1400//1400 1402//1402 
f 1406//1406 1402//1402 1405//1405 
f 1438//1438 1439//1439 1440//1440 
f 1437//1437 1438//1438 1440//1440 
f 1409//1409 1406//1406 1407//1407 
f 1409//1409 1407//1407 1408//1408 
f 1436//1436 1440//1440 1445//1445 
f 1436//1436 1437//1437 1440//1440 
f 1436//1436 1445//1445 1446//1446 
f 1434//1434 1435//1435 1436//1436 
f 1412//1412 1410//1410 1411//1411 
f 1413//1413 1409//1409 1410//1410 
f 1413//1413 1406//1406 1409//1409 
f 1413//1413 1410//1410 1412//1412 
f 1414//1414 1406//1406 1413//1413 
f 1431//1431 1432//1432 1433//1433 
f 1416//1416 1414//1414 1415//1415 
f 1429//1429 1383//1383 1384//1384 
f 1429//1429 1384//1384 1385//1385 
f 1429//1429 1385//1385 1386//1386 
f 1429//1429 1436//1436 1446//1446 
f 1429//1429 1434//1434 1436//1436 
f 1429//1429 1430//1430 1431//1431 
f 1429//1429 1431//1431 1433//1433 
f 1429//1429 1433//1433 1434//1434 
f 1429//1429 1386//1386 1389//1389 
f 1429//1429 1446//1446 1383//1383 
f 1417//1417 1414//1414 1416//1416 
f 1427//1427 1428//1428 1429//1429 
f 1419//1419 1417//1417 1418//1418 
f 1419//1419 1414//1414 1417//1417 
f 1426//1426 1429//1429 1389//1389 
f 1426//1426 1427//1427 1429//1429 
f 1421//1421 1419//1419 1420//1420 
f 1422//1422 1414//1414 1419//1419 
f 1422//1422 1419//1419 1421//1421 
f 1423//1423 1389//1389 1390//1390 
f 1423//1423 1400//1400 1406//1406 
f 1423//1423 1424//1424 1425//1425 
f 1423//1423 1425//1425 1426//1426 
f 1423//1423 1406//1406 1414//1414 
f 1423//1423 1390//1390 1392//1392 
f 1423//1423 1426//1426 1389//1389 
f 1423//1423 1392//1392 1398//1398 
f 1423//1423 1414//1414 1422//1422 
f 1423//1423 1398//1398 1400//1400 
g Mesh0002
v 0.210318716433733 2.11000081487711 0.35
v 0.210318716433733 2.11000081487711 0.3
v 0.210318716433733 0.975125098209868 0.35
v 0.210318716433733 0.975125098209868 0.3
v 0.210318716433733 0.975125098209868 0.3
v 0.21407952960645948 0.9417469581164197 0.3
v 0.22517338624837022 0.9100425373422331 0.3
v 0.24304399406352875 0.8816016279310567 0.3
v 0.26679524615492334 0.8578503758396623 0.3
v 0.29523615556609983 0.8399797680245039 0.3
v 0.32694057634028656 0.8288859113825933 0.3
v 0.360318716433734 0.825125098209867 0.3
v 0.360318716433734 0.825125098209867 0.35
v 0.210318716433733 0.975125098209868 0.35
v 0.21407952960645948 0.9417469581164197 0.35
v 0.22517338624837022 0.9100425373422331 0.35
v 0.24304399406352875 0.8816016279310567 0.35
v 0.26679524615492334 0.8578503758396623 0.35
v 0.29523615556609983 0.8399797680245039 0.35
v 0.32694057634028656 0.8288859113825933 0.35
v 0.360318716433734 0.825125098209867 0.35
v 0.360318716433734 0.825125098209867 0.3
v 1.93090554498099 0.825125098209867 0.35
v 1.93090554498099 0.825125098209867 0.3
v 1.93090554498099 0.825125098209867 0.35
v 1.93090554498099 0.825125098209867 0.3
v 1.93090554498099 2.11000081487711 0.35
v 1.93090554498099 2.11000081487711 0.3
v 1.93090554498099 2.11000081487711 0.35
v 1.93090554498099 2.11000081487711 0.3
v 0.210318716433733 2.11000081487711 0.35
v 0.210318716433733 2.11000081487711 0.3
v 0.210318716433733 2.11000081487711 0.35
v 0.210318716433733 0.975125098209868 0.35
v 0.21407952960645948 0.9417469581164197 0.35
v 0.22517338624837022 0.9100425373422331 0.35
v 0.24304399406352875 0.8816016279310567 0.35
v 0.26679524615492334 0.8578503758396623 0.35
v 0.29523615556609983 0.8399797680245039 0.35
v 0.32694057634028656 0.8288859113825933 0.35
v 0.360318716433734 0.825125098209867 0.35
v 1.93090554498099 0.825125098209867 0.35
v 1.93090554498099 2.11000081487711 0.35
v 0.210318716433733 0.975125098209868 0.3
v 0.21407952960645948 0.9417469581164197 0.3
v 0.22517338624837022 0.9100425373422331 0.3
v 0.24304399406352875 0.8816016279310567 0.3
v 0.26679524615492334 0.8578503758396623 0.3
v 0.29523615556609983 0.8399797680245039 0.3
v 0.32694057634028656 0.8288859113825933 0.3
v 0.360318716433734 0.825125098209867 0.3
v 1.93090554498099 0.825125098209867 0.3
v 1.93090554498099 2.11000081487711 0.3
v 0.210318716433733 2.11000081487711 0.3
vn -1 0 0
vn -1 0 0
vn -1 0 0
vn -1 0 0
vn -0.9937122092717466 -0.11196448161923646 0
vn -0.9658895630406579 -0.2589543434838022 0
vn -0.8840499331016134 -0.4673924644054853 0
vn -0.7578803386946781 -0.6523935868937095 0
vn -0.5937074577682817 -0.8046809644761854 0
vn -0.3997636325576031 -0.9166182619195135 0
vn -0.1857739511614496 -0.9825925091663702 0
vn -0.11196448161923646 -0.9937122092717466 0
vn -0.11196448161923646 -0.9937122092717466 0
vn -0.9937122092717466 -0.11196448161923646 0
vn -0.9825925098293564 -0.1857739476547939 0
vn -0.9166182837604805 -0.3997635824784335 0
vn -0.8046809644761854 -0.5937074577682817 0
vn -0.6523935868937095 -0.7578803386946781 0
vn -0.467392442450351 -0.884049944709175 0
vn -0.2589543434838022 -0.9658895630406579 0
vn 0 -1 0
vn 0 -1 0
vn 0 -1 0
vn 0 -1 0
vn 1 0 0
vn 1 0 0
vn 1 0 0
vn 1 0 0
vn 0 1 0
vn 0 1 0
vn 0 1 0
vn 0 1 0
vn 0 0 1
vn 0 0 1
vn 0 0 1
vn 0 0 1
vn 0 0 1
vn 0 0 1
vn 0 0 1
vn 0 0 1
vn 0 0 1
vn 0 0 1
vn 0 0 1
vn 0 0 -1
vn 0 0 -1
vn 0 0 -1
vn 0 0 -1
vn 0 0 -1
vn 0 0 -1
vn 0 0 -1
vn 0 0 -1
vn 0 0 -1
vn 0 0 -1
vn 0 0 -1
f 1447//1447 1450//1450 1449//1449 
f 1447//1447 1448//1448 1450//1450 
f 1457//1457 1458//1458 1459//1459 
f 1457//1457 1459//1459 1466//1466 
f 1456//1456 1466//1466 1465//1465 
f 1456//1456 1457//1457 1466//1466 
f 1455//1455 1465//1465 1464//1464 
f 1455//1455 1456//1456 1465//1465 
f 1454//1454 1464//1464 1463//1463 
f 1454//1454 1455//1455 1464//1464 
f 1453//1453 1463//1463 1462//1462 
f 1453//1453 1454//1454 1463//1463 
f 1452//1452 1462//1462 1461//1461 
f 1452//1452 1453//1453 1462//1462 
f 1451//1451 1461//1461 1460//1460 
f 1451//1451 1452//1452 1461//1461 
f 1469//1469 1467//1467 1468//1468 
f 1469//1469 1468//1468 1470//1470 
f 1473//1473 1471//1471 1472//1472 
f 1473//1473 1472//1472 1474//1474 
f 1476//1476 1477//1477 1475//1475 
f 1476//1476 1478//1478 1477//1477 
f 1487//1487 1480//1480 1481//1481 
f 1487//1487 1481//1481 1482//1482 
f 1487//1487 1482//1482 1483//1483 
f 1487//1487 1483//1483 1484//1484 
f 1487//1487 1484//1484 1485//1485 
f 1487//1487 1485//1485 1486//1486 
f 1479//1479 1480//1480 1487//1487 
f 1489//1489 1487//1487 1488//1488 
f 1489//1489 1479//1479 1487//1487 
f 1490//1490 1492//1492 1491//1491 
f 1490//1490 1493//1493 1492//1492 
f 1490//1490 1494//1494 1493//1493 
f 1490//1490 1495//1495 1494//1494 
f 1490//1490 1496//1496 1495//1495 
f 1490//1490 1497//1497 1496//1496 
f 1500//1500 1497//1497 1490//1490 
f 1499//1499 1498//1498 1497//1497 
f 1499//1499 1497//1497 1500//1500 
g Mesh0003
v -1.14602862581847 -0.728739243859171 0.35
v -1.14602862581847 -0.728739243859171 0.3
v -1.1497894389911965 -0.7621173839526192 0.35
v -1.160883295633107 -0.7938218047268057 0.35
v -1.1787539034482655 -0.822262714137982 0.35
v -1.2025051555396598 -0.8460139662293764 0.35
v -1.2309460649508361 -0.8638845740445349 0.35
v -1.2626504857250227 -0.8749784306864455 0.35
v -1.29602862581847 -0.878739243859172 0.35
v -1.29602862581847 -0.878739243859172 0.3
v -1.1497894389911965 -0.7621173839526192 0.3
v -1.160883295633107 -0.7938218047268057 0.3
v -1.1787539034482655 -0.822262714137982 0.3
v -1.2025051555396598 -0.8460139662293764 0.3
v -1.2309460649508361 -0.8638845740445349 0.3
v -1.2626504857250227 -0.8749784306864455 0.3
v -1.29602862581847 -0.878739243859172 0.35
v -1.29602862581847 -0.878739243859172 0.3
v -1.91927672792502 -0.878739243859172 0.35
v -1.91927672792502 -0.878739243859172 0.3
v -1.91927672792502 -0.878739243859172 0.35
v -1.91927672792502 -0.878739243859172 0.3
v -1.91927672792502 -2.05695292973118 0.35
v -1.91927672792502 -2.05695292973118 0.3
v -1.91927672792502 -2.05695292973118 0.35
v -1.91927672792502 -2.05695292973118 0.3
v -0.03316504619022 -2.05695292973118 0.35
v -0.03316504619022 -2.05695292973118 0.3
v -0.03316504619022 -2.05695292973118 0.35
v -0.03316504619022 -2.05695292973118 0.3
v -0.03316504619022 -0.683219523578766 0.35
v -0.03316504619022 -0.683219523578766 0.3
v -0.03316504619022 -0.683219523578766 0.3
v -0.03692585936294651 -0.6498413834853177 0.3
v -0.048019716004857244 -0.618136962711131 0.3
v -0.06589032382001578 -0.5896960532999547 0.3
v -0.08964157591141036 -0.5659448012085603 0.3
v -0.11808248532258686 -0.5480741933934019 0.3
v -0.1497869060967736 -0.5369803367514914 0.3
v -0.183165046190221 -0.533219523578765 0.3
v -0.183165046190221 -0.533219523578765 0.35
v -0.03316504619022 -0.683219523578766 0.35
v -0.03692585936294651 -0.6498413834853177 0.35
v -0.048019716004857244 -0.618136962711131 0.35
v -0.06589032382001578 -0.5896960532999547 0.35
v -0.08964157591141036 -0.5659448012085603 0.35
v -0.11808248532258686 -0.5480741933934019 0.35
v -0.1497869060967736 -0.5369803367514914 0.35
v -0.183165046190221 -0.533219523578765 0.35
v -0.183165046190221 -0.533219523578765 0.3
v -0.996028625818473 -0.533219523578765 0.35
v -0.996028625818473 -0.533219523578765 0.3
v -0.996028625818473 -0.533219523578765 0.3
v -1.0294067659119204 -0.5369803367514913 0.3
v -1.061111186686107 -0.5480741933934019 0.3
v -1.0895520960972835 -0.5659448012085602 0.3
v -1.113303348188678 -0.5896960532999547 0.3
v -1.1311739560038367 -0.618136962711131 0.3
v -1.1422678126457475 -0.6498413834853176 0.3
v -1.14602862581847 -0.683219523578766 0.3
v -1.14602862581847 -0.683219523578766 0.35
v -0.996028625818473 -0.533219523578765 0.35
v -1.0294067659119204 -0.5369803367514913 0.35
v -1.061111186686107 -0.5480741933934019 0.35
v -1.0895520960972835 -0.5659448012085602 0.35
v -1.113303348188678 -0.5896960532999547 0.35
v -1.1311739560038367 -0.618136962711131 0.35
v -1.1422678126457475 -0.6498413834853176 0.35
v -1.14602862581847 -0.683219523578766 0.35
v -1.14602862581847 -0.683219523578766 0.3
v -1.14602862581847 -0.728739243859171 0.35
v -1.14602862581847 -0.728739243859171 0.3
v -1.14602862581847 -0.728739243859171 0.35
v -1.1497894389911965 -0.7621173839526192 0.35
v -1.160883295633107 -0.7938218047268057 0.35
v -1.1787539034482655 -0.822262714137982 0.35
v -1.2025051555396598 -0.8460139662293764 0.35
v -1.2309460649508361 -0.8638845740445349 0.35
v -1.2626504857250227 -0.8749784306864455 0.35
v -1.29602862581847 -0.878739243859172 0.35
v -1.91927672792502 -0.878739243859172 0.35
v -1.91927672792502 -2.05695292973118 0.35
v -0.03316504619022 -2.05695292973118 0.35
v -0.03316504619022 -0.683219523578766 0.35
v -0.03692585936294651 -0.6498413834853177 0.35
v -0.048019716004857244 -0.618136962711131 0.35
v -0.06589032382001578 -0.5896960532999547 0.35
v -0.08964157591141036 -0.5659448012085603 0.35
v -0.11808248532258686 -0.5480741933934019 0.35
v -0.1497869060967736 -0.5369803367514914 0.35
v -0.183165046190221 -0.533219523578765 0.35
v -0.996028625818473 -0.533219523578765 0.35
v -1.0294067659119204 -0.5369803367514913 0.35
v -1.061111186686107 -0.5480741933934019 0.35
v -1.0895520960972835 -0.5659448012085602 0.35
v -1.113303348188678 -0.5896960532999547 0.35
v -1.1311739560038367 -0.618136962711131 0.35
v -1.1422678126457475 -0.6498413834853176 0.35
v -1.14602862581847 -0.683219523578766 0.35
v -1.29602862581847 -0.878739243859172 0.3
v -1.91927672792502 -0.878739243859172 0.3
v -1.91927672792502 -2.05695292973118 0.3
v -0.03316504619022 -2.05695292973118 0.3
v -0.03316504619022 -0.683219523578766 0.3
v -0.03692585936294651 -0.6498413834853177 0.3
v -0.048019716004857244 -0.618136962711131 0.3
v -0.06589032382001578 -0.5896960532999547 0.3
v -0.08964157591141036 -0.5659448012085603 0.3
v -0.11808248532258686 -0.5480741933934019 0.3
v -0.1497869060967736 -0.5369803367514914 0.3
v -0.183165046190221 -0.533219523578765 0.3
v -0.996028625818473 -0.533219523578765 0.3
v -1.0294067659119204 -0.5369803367514913 0.3
v -1.061111186686107 -0.5480741933934019 0.3
v -1.0895520960972835 -0.5659448012085602 0.3
v -1.113303348188678 -0.5896960532999547 0.3
v -1.1311739560038367 -0.618136962711131 0.3
v -1.1422678126457475 -0.6498413834853176 0.3
v -1.14602862581847 -0.683219523578766 0.3
v -1.14602862581847 -0.728739243859171 0.3
v -1.1497894389911965 -0.7621173839526192 0.3
v -1.160883295633107 -0.7938218047268057 0.3
v -1.1787539034482655 -0.822262714137982 0.3
v -1.2025051555396598 -0.8460139662293764 0.3
v -1.2309460649508361 -0.8638845740445349 0.3
v -1.2626504857250227 -0.8749784306864455 0.3
vn -0.9937122092717466 0.11196448161923646 0
vn -0.9937122092717466 0.11196448161923646 0
vn -0.9658895630406579 0.2589543434838022 0
vn -0.884049944709175 0.467392442450351 0
vn -0.7578803386946781 0.6523935868937095 0
vn -0.5937074577682817 0.8046809644761854 0
vn -0.3997635824784335 0.9166182837604805 0
vn -0.1857739476547939 0.9825925098293564 0
vn -0.11196448161923646 0.9937122092717466 0
vn -0.11196448161923646 0.9937122092717466 0
vn -0.9825925091663702 0.1857739511614496 0
vn -0.9166182619195135 0.3997636325576031 0
vn -0.8046809644761854 0.5937074577682817 0
vn -0.6523935868937095 0.7578803386946781 0
vn -0.4673924644054853 0.8840499331016134 0
vn -0.2589543434838022 0.9658895630406579 0
vn 0 1 0
vn 0 1 0
vn 0 1 0
vn 0 1 0
vn -1 0 0
vn -1 0 0
vn -1 0 0
vn -1 0 0
vn 0 -1 0
vn 0 -1 0
vn 0 -1 0
vn 0 -1 0
vn 1 0 0
vn 1 0 0
vn 1 0 0
vn 1 0 0
vn 0.9937122092717466 0.11196448161923646 0
vn 0.9658895630406579 0.2589543434838022 0
vn 0.8840499331016134 0.4673924644054853 0
vn 0.7578803386946781 0.6523935868937095 0
vn 0.5937074577682817 0.8046809644761854 0
vn 0.3997636325576031 0.9166182619195135 0
vn 0.1857739511614496 0.9825925091663702 0
vn 0.11196448161923646 0.9937122092717466 0
vn 0.11196448161923646 0.9937122092717466 0
vn 0.9937122092717466 0.11196448161923646 0
vn 0.9825925098293564 0.1857739476547939 0
vn 0.9166182837604805 0.3997635824784335 0
vn 0.8046809644761854 0.5937074577682817 0
vn 0.6523935868937095 0.7578803386946781 0
vn 0.467392442450351 0.884049944709175 0
vn 0.2589543434838022 0.9658895630406579 0
vn 0 1 0
vn 0 1 0
vn 0 1 0
vn 0 1 0
vn -0.11196448161923646 0.9937122092717466 0
vn -0.2589543434838022 0.9658895630406579 0
vn -0.4673924644054853 0.8840499331016134 0
vn -0.6523935868937095 0.7578803386946781 0
vn -0.8046809644761854 0.5937074577682817 0
vn -0.9166182619195135 0.3997636325576031 0
vn -0.9825925091663702 0.1857739511614496 0
vn -0.9937122092717466 0.11196448161923646 0
vn -0.9937122092717466 0.11196448161923646 0
vn -0.11196448161923646 0.9937122092717466 0
vn -0.1857739476547939 0.9825925098293564 0
vn -0.3997635824784335 0.9166182837604805 0
vn -0.5937074577682817 0.8046809644761854 0
vn -0.7578803386946781 0.6523935868937095 0
vn -0.884049944709175 0.467392442450351 0
vn -0.9658895630406579 0.2589543434838022 0
vn -1 0 0
vn -1 0 0
vn -1 0 0
vn -1 0 0
vn 0 0 1
vn 0 0 1
vn 0 0 1
vn 0 0 1
vn 0 0 1
vn 0 0 1
vn 0 0 1
vn 0 0 1
vn 0 0 1
vn 0 0 1
vn 0 0 1
vn 0 0 1
vn 0 0 1
vn 0 0 1
vn 0 0 1
vn 0 0 1
vn 0 0 1
vn 0 0 1
vn 0 0 1
vn 0 0 1
vn 0 0 1
vn 0 0 1
vn 0 0 1
vn 0 0 1
vn 0 0 1
vn 0 0 1
vn 0 0 1
vn 0 0 -1
vn 0 0 -1
vn 0 0 -1
vn 0 0 -1
vn 0 0 -1
vn 0 0 -1
vn 0 0 -1
vn 0 0 -1
vn 0 0 -1
vn 0 0 -1
vn 0 0 -1
vn 0 0 -1
vn 0 0 -1
vn 0 0 -1
vn 0 0 -1
vn 0 0 -1
vn 0 0 -1
vn 0 0 -1
vn 0 0 -1
vn 0 0 -1
vn 0 0 -1
vn 0 0 -1
vn 0 0 -1
vn 0 0 -1
vn 0 0 -1
vn 0 0 -1
vn 0 0 -1
f 1511//1511 1501//1501 1502//1502 
f 1511//1511 1503//1503 1501//1501 
f 1512//1512 1504//1504 1503//1503 
f 1512//1512 1503//1503 1511//1511 
f 1513//1513 1505//1505 1504//1504 
f 1513//1513 1504//1504 1512//1512 
f 1514//1514 1506//1506 1505//1505 
f 1514//1514 1505//1505 1513//1513 
f 1515//1515 1507//1507 1506//1506 
f 1515//1515 1506//1506 1514//1514 
f 1516//1516 1508//1508 1507//1507 
f 1516//1516 1507//1507 1515//1515 
f 1510//1510 1509//1509 1508//1508 
f 1510//1510 1508//1508 1516//1516 
f 1518//1518 1519//1519 1517//1517 
f 1518//1518 1520//1520 1519//1519 
f 1522//1522 1523//1523 1521//1521 
f 1522//1522 1524//1524 1523//1523 
f 1527//1527 1525//1525 1526//1526 
f 1527//1527 1526//1526 1528//1528 
f 1531//1531 1529//1529 1530//1530 
f 1531//1531 1530//1530 1532//1532 
f 1539//1539 1540//1540 1541//1541 
f 1539//1539 1541//1541 1548//1548 
f 1538//1538 1548//1548 1547//1547 
f 1538//1538 1539//1539 1548//1548 
f 1537//1537 1547//1547 1546//1546 
f 1537//1537 1538//1538 1547//1547 
f 1536//1536 1546//1546 1545//1545 
f 1536//1536 1537//1537 1546//1546 
f 1535//1535 1545//1545 1544//1544 
f 1535//1535 1536//1536 1545//1545 
f 1534//1534 1544//1544 1543//1543 
f 1534//1534 1535//1535 1544//1544 
f 1533//1533 1543//1543 1542//1542 
f 1533//1533 1534//1534 1543//1543 
f 1550//1550 1551//1551 1549//1549 
f 1550//1550 1552//1552 1551//1551 
f 1559//1559 1560//1560 1561//1561 
f 1559//1559 1561//1561 1568//1568 
f 1558//1558 1568//1568 1567//1567 
f 1558//1558 1559//1559 1568//1568 
f 1557//1557 1567//1567 1566//1566 
f 1557//1557 1558//1558 1567//1567 
f 1556//1556 1566//1566 1565//1565 
f 1556//1556 1557//1557 1566//1566 
f 1555//1555 1565//1565 1564//1564 
f 1555//1555 1556//1556 1565//1565 
f 1554//1554 1564//1564 1563//1563 
f 1554//1554 1555//1555 1564//1564 
f 1553//1553 1563//1563 1562//1562 
f 1553//1553 1554//1554 1563//1563 
f 1570//1570 1571//1571 1569//1569 
f 1570//1570 1572//1572 1571//1571 
f 1580//1580 1581//1581 1582//1582 
f 1579//1579 1580//1580 1582//1582 
f 1583//1583 1578//1578 1579//1579 
f 1583//1583 1579//1579 1582//1582 
f 1577//1577 1578//1578 1583//1583 
f 1576//1576 1577//1577 1583//1583 
f 1597//1597 1598//1598 1599//1599 
f 1595//1595 1596//1596 1597//1597 
f 1594//1594 1595//1595 1597//1597 
f 1593//1593 1597//1597 1599//1599 
f 1593//1593 1594//1594 1597//1597 
f 1592//1592 1573//1573 1574//1574 
f 1592//1592 1599//1599 1573//1573 
f 1592//1592 1593//1593 1599//1599 
f 1591//1591 1574//1574 1575//1575 
f 1591//1591 1592//1592 1574//1574 
f 1584//1584 1575//1575 1576//1576 
f 1584//1584 1576//1576 1583//1583 
f 1584//1584 1591//1591 1575//1575 
f 1589//1589 1590//1590 1591//1591 
f 1586//1586 1584//1584 1585//1585 
f 1587//1587 1584//1584 1586//1586 
f 1588//1588 1591//1591 1584//1584 
f 1588//1588 1589//1589 1591//1591 
f 1588//1588 1584//1584 1587//1587 
f 1600//1600 1602//1602 1601//1601 
f 1626//1626 1602//1602 1600//1600 
f 1603//1603 1626//1626 1625//1625 
f 1603//1603 1602//1602 1626//1626 
f 1624//1624 1603//1603 1625//1625 
f 1623//1623 1603//1603 1624//1624 
f 1617//1617 1619//1619 1618//1618 
f 1615//1615 1617//1617 1616//1616 
f 1614//1614 1617//1617 1615//1615 
f 1613//1613 1619//1619 1617//1617 
f 1613//1613 1617//1617 1614//1614 
f 1612//1612 1620//1620 1619//1619 
f 1612//1612 1621//1621 1620//1620 
f 1612//1612 1619//1619 1613//1613 
f 1611//1611 1622//1622 1621//1621 
f 1611//1611 1621//1621 1612//1612 
f 1604//1604 1623//1623 1622//1622 
f 1604//1604 1603//1603 1623//1623 
f 1604//1604 1622//1622 1611//1611 
f 1609//1609 1611//1611 1610//1610 
f 1606//1606 1605//1605 1604//1604 
f 1607//1607 1609//1609 1608//1608 
f 1607//1607 1604//1604 1611//1611 
f 1607//1607 1606//1606 1604//1604 
f 1607//1607 1611//1611 1609//1609 
g Mesh0004
v 0.210318716433733 -2.05695292973118 0.35
v 0.210318716433733 -2.05695292973118 0.3
v 1.93090554498099 -2.05695292973118 0.35
v 1.93090554498099 -2.05695292973118 0.3
v 1.93090554498099 -2.05695292973118 0.35
v 1.93090554498099 -2.05695292973118 0.3
v 1.93090554498099 -0.836015987236037 0.35
v 1.93090554498099 -0.836015987236037 0.3
v 1.93090554498099 -0.836015987236037 0.35
v 1.93090554498099 -0.836015987236037 0.3
v 1.56230544249282 -0.836015987236038 0.35
v 1.56230544249282 -0.836015987236038 0.3
v 1.56230544249282 -0.836015987236038 0.35
v 1.56230544249282 -0.836015987236038 0.3
v 1.5289273023993728 -0.8322551740633115 0.35
v 1.4972228816251862 -0.8211613174214009 0.35
v 1.46878197221401 -0.8032907096062425 0.35
v 1.4450307201226156 -0.779539457514848 0.35
v 1.427160112307457 -0.7510985481036717 0.35
v 1.4160662556655463 -0.7193941273294852 0.35
v 1.41230544249282 -0.686015987236037 0.35
v 1.41230544249282 -0.686015987236037 0.3
v 1.5289273023993728 -0.8322551740633115 0.3
v 1.4972228816251862 -0.8211613174214009 0.3
v 1.46878197221401 -0.8032907096062425 0.3
v 1.4450307201226156 -0.779539457514848 0.3
v 1.427160112307457 -0.7510985481036717 0.3
v 1.4160662556655463 -0.7193941273294852 0.3
v 1.41230544249282 -0.686015987236037 0.35
v 1.41230544249282 -0.686015987236037 0.3
v 1.41230544249282 0.457058904602552 0.35
v 1.41230544249282 0.457058904602552 0.3
v 1.41230544249282 0.457058904602552 0.3
v 1.4085446293200934 0.49043704469600014 0.3
v 1.3974507726781829 0.5221414654701867 0.3
v 1.3795801648630244 0.550582374881363 0.3
v 1.35582891277163 0.5743336269727575 0.3
v 1.3273880033604537 0.5922042347879158 0.3
v 1.2956835825862671 0.6032980914298265 0.3
v 1.26230544249282 0.607058904602553 0.3
v 1.26230544249282 0.607058904602553 0.35
v 1.41230544249282 0.457058904602552 0.35
v 1.4085446293200934 0.49043704469600014 0.35
v 1.3974507726781829 0.5221414654701867 0.35
v 1.3795801648630244 0.550582374881363 0.35
v 1.35582891277163 0.5743336269727575 0.35
v 1.3273880033604537 0.5922042347879158 0.35
v 1.2956835825862671 0.6032980914298265 0.35
v 1.26230544249282 0.607058904602553 0.35
v 1.26230544249282 0.607058904602553 0.3
v 0.360318716433734 0.607058904602553 0.35
v 0.360318716433734 0.607058904602553 0.3
v 0.360318716433734 0.607058904602553 0.3
v 0.3269405763402865 0.6032980914298269 0.3
v 0.29523615556609956 0.5922042347879165 0.3
v 0.26679524615492284 0.5743336269727581 0.3
v 0.24304399406352806 0.5505823748813637 0.3
v 0.22517338624836938 0.5221414654701872 0.3
v 0.2140795296064585 0.49043704469600047 0.3
v 0.210318716433733 0.457058904602552 0.3
v 0.210318716433733 0.457058904602552 0.35
v 0.360318716433734 0.607058904602553 0.35
v 0.3269405763402865 0.6032980914298269 0.35
v 0.29523615556609956 0.5922042347879165 0.35
v 0.26679524615492284 0.5743336269727581 0.35
v 0.24304399406352806 0.5505823748813637 0.35
v 0.22517338624836938 0.5221414654701872 0.35
v 0.2140795296064585 0.49043704469600047 0.35
v 0.210318716433733 0.457058904602552 0.35
v 0.210318716433733 0.457058904602552 0.3
v 0.210318716433733 -2.05695292973118 0.35
v 0.210318716433733 -2.05695292973118 0.3
v 0.210318716433733 -2.05695292973118 0.35
v 1.93090554498099 -2.05695292973118 0.35
v 1.93090554498099 -0.836015987236037 0.35
v 1.56230544249282 -0.836015987236038 0.35
v 1.5289273023993728 -0.8322551740633115 0.35
v 1.4972228816251862 -0.8211613174214009 0.35
v 1.46878197221401 -0.8032907096062425 0.35
v 1.4450307201226156 -0.779539457514848 0.35
v 1.427160112307457 -0.7510985481036717 0.35
v 1.4160662556655463 -0.7193941273294852 0.35
v 1.41230544249282 -0.686015987236037 0.35
v 1.41230544249282 0.457058904602552 0.35
v 1.4085446293200934 0.49043704469600014 0.35
v 1.3974507726781829 0.5221414654701867 0.35
v 1.3795801648630244 0.550582374881363 0.35
v 1.35582891277163 0.5743336269727575 0.35
v 1.3273880033604537 0.5922042347879158 0.35
v 1.2956835825862671 0.6032980914298265 0.35
v 1.26230544249282 0.607058904602553 0.35
v 0.360318716433734 0.607058904602553 0.35
v 0.3269405763402865 0.6032980914298269 0.35
v 0.29523615556609956 0.5922042347879165 0.35
v 0.26679524615492284 0.5743336269727581 0.35
v 0.24304399406352806 0.5505823748813637 0.35
v 0.22517338624836938 0.5221414654701872 0.35
v 0.2140795296064585 0.49043704469600047 0.35
v 0.210318716433733 0.457058904602552 0.35
v 1.93090554498099 -2.05695292973118 0.3
v 1.93090554498099 -0.836015987236037 0.3
v 1.56230544249282 -0.836015987236038 0.3
v 1.5289273023993728 -0.8322551740633115 0.3
v 1.4972228816251862 -0.8211613174214009 0.3
v 1.46878197221401 -0.8032907096062425 0.3
v 1.4450307201226156 -0.779539457514848 0.3
v 1.427160112307457 -0.7510985481036717 0.3
v 1.4160662556655463 -0.7193941273294852 0.3
v 1.41230544249282 -0.686015987236037 0.3
v 1.41230544249282 0.457058904602552 0.3
v 1.4085446293200934 0.49043704469600014 0.3
v 1.3974507726781829 0.5221414654701867 0.3
v 1.3795801648630244 0.550582374881363 0.3
v 1.35582891277163 0.5743336269727575 0.3
v 1.3273880033604537 0.5922042347879158 0.3
v 1.2956835825862671 0.6032980914298265 0.3
v 1.26230544249282 0.607058904602553 0.3
v 0.360318716433734 0.607058904602553 0.3
v 0.3269405763402865 0.6032980914298269 0.3
v 0.29523615556609956 0.5922042347879165 0.3
v 0.26679524615492284 0.5743336269727581 0.3
v 0.24304399406352806 0.5505823748813637 0.3
v 0.22517338624836938 0.5221414654701872 0.3
v 0.2140795296064585 0.49043704469600047 0.3
v 0.210318716433733 0.457058904602552 0.3
v 0.210318716433733 -2.05695292973118 0.3
vn 0 -1 0
vn 0 -1 0
vn 0 -1 0
vn 0 -1 0
vn 1 0 0
vn 1 0 0
vn 1 0 0
vn 1 0 0
vn -2.710798716371748e-15 1 0
vn -2.710798716371748e-15 1 0
vn -2.710798716371748e-15 1 0
vn -2.710798716371748e-15 1 0
vn 0.11196448161923646 0.9937122092717466 0
vn 0.11196448161923646 0.9937122092717466 0
vn 0.2589543434838022 0.9658895630406579 0
vn 0.467392442450351 0.884049944709175 0
vn 0.6523935868937095 0.7578803386946781 0
vn 0.8046809644761854 0.5937074577682817 0
vn 0.9166182837604805 0.3997635824784335 0
vn 0.9825925098293564 0.1857739476547939 0
vn 0.9937122092717466 0.11196448161923646 0
vn 0.9937122092717466 0.11196448161923646 0
vn 0.1857739511614496 0.9825925091663702 0
vn 0.3997636325576031 0.9166182619195135 0
vn 0.5937074577682817 0.8046809644761854 0
vn 0.7578803386946781 0.6523935868937095 0
vn 0.8840499331016134 0.4673924644054853 0
vn 0.9658895630406579 0.2589543434838022 0
vn 1 0 0
vn 1 0 0
vn 1 0 0
vn 1 0 0
vn 0.9937122092717466 0.11196448161923646 0
vn 0.9658895630406579 0.2589543434838022 0
vn 0.8840499331016134 0.4673924644054853 0
vn 0.7578803386946781 0.6523935868937095 0
vn 0.5937074577682817 0.8046809644761854 0
vn 0.3997636325576031 0.9166182619195135 0
vn 0.1857739511614496 0.9825925091663702 0
vn 0.11196448161923646 0.9937122092717466 0
vn 0.11196448161923646 0.9937122092717466 0
vn 0.9937122092717466 0.11196448161923646 0
vn 0.9825925098293564 0.1857739476547939 0
vn 0.9166182837604805 0.3997635824784335 0
vn 0.8046809644761854 0.5937074577682817 0
vn 0.6523935868937095 0.7578803386946781 0
vn 0.467392442450351 0.884049944709175 0
vn 0.2589543434838022 0.9658895630406579 0
vn 0 1 0
vn 0 1 0
vn 0 1 0
vn 0 1 0
vn -0.11196448161923646 0.9937122092717466 0
vn -0.2589543434838022 0.9658895630406579 0
vn -0.4673924644054853 0.8840499331016134 0
vn -0.6523935868937095 0.7578803386946781 0
vn -0.8046809644761854 0.5937074577682817 0
vn -0.9166182619195135 0.3997636325576031 0
vn -0.9825925091663702 0.1857739511614496 0
vn -0.9937122092717466 0.11196448161923646 0
vn -0.9937122092717466 0.11196448161923646 0
vn -0.11196448161923646 0.9937122092717466 0
vn -0.1857739476547939 0.9825925098293564 0
vn -0.3997635824784335 0.9166182837604805 0
vn -0.5937074577682817 0.8046809644761854 0
vn -0.7578803386946781 0.6523935868937095 0
vn -0.884049944709175 0.467392442450351 0
vn -0.9658895630406579 0.2589543434838022 0
vn -1 0 0
vn -1 0 0
vn -1 0 0
vn -1 0 0
vn 0 0 1
vn 0 0 1
vn 0 0 1
vn 0 0 1
vn 0 0 1
vn 0 0 1
vn 0 0 1
vn 0 0 1
vn 0 0 1
vn 0 0 1
vn 0 0 1
vn 0 0 1
vn 0 0 1
vn 0 0 1
vn 0 0 1
vn 0 0 1
vn 0 0 1
vn 0 0 1
vn 0 0 1
vn 0 0 1
vn 0 0 1
vn 0 0 1
vn 0 0 1
vn 0 0 1
vn 0 0 1
vn 0 0 1
vn 0 0 1
vn 0 0 -1
vn 0 0 -1
vn 0 0 -1
vn 0 0 -1
vn 0 0 -1
vn 0 0 -1
vn 0 0 -1
vn 0 0 -1
vn 0 0 -1
vn 0 0 -1
vn 0 0 -1
vn 0 0 -1
vn 0 0 -1
vn 0 0 -1
vn 0 0 -1
vn 0 0 -1
vn 0 0 -1
vn 0 0 -1
vn 0 0 -1
vn 0 0 -1
vn 0 0 -1
vn 0 0 -1
vn 0 0 -1
vn 0 0 -1
vn 0 0 -1
vn 0 0 -1
vn 0 0 -1
f 1627//1627 1630//1630 1629//1629 
f 1627//1627 1628//1628 1630//1630 
f 1631//1631 1634//1634 1633//1633 
f 1631//1631 1632//1632 1634//1634 
f 1635//1635 1638//1638 1637//1637 
f 1635//1635 1636//1636 1638//1638 
f 1649//1649 1639//1639 1640//1640 
f 1649//1649 1641//1641 1639//1639 
f 1650//1650 1642//1642 1641//1641 
f 1650//1650 1641//1641 1649//1649 
f 1651//1651 1643//1643 1642//1642 
f 1651//1651 1642//1642 1650//1650 
f 1652//1652 1644//1644 1643//1643 
f 1652//1652 1643//1643 1651//1651 
f 1653//1653 1645//1645 1644//1644 
f 1653//1653 1644//1644 1652//1652 
f 1654//1654 1646//1646 1645//1645 
f 1654//1654 1645//1645 1653//1653 
f 1648//1648 1647//1647 1646//1646 
f 1648//1648 1646//1646 1654//1654 
f 1655//1655 1658//1658 1657//1657 
f 1655//1655 1656//1656 1658//1658 
f 1665//1665 1666//1666 1667//1667 
f 1665//1665 1667//1667 1674//1674 
f 1664//1664 1674//1674 1673//1673 
f 1664//1664 1665//1665 1674//1674 
f 1663//1663 1673//1673 1672//1672 
f 1663//1663 1664//1664 1673//1673 
f 1662//1662 1672//1672 1671//1671 
f 1662//1662 1663//1663 1672//1672 
f 1661//1661 1671//1671 1670//1670 
f 1661//1661 1662//1662 1671//1671 
f 1660//1660 1670//1670 1669//1669 
f 1660//1660 1661//1661 1670//1670 
f 1659//1659 1669//1669 1668//1668 
f 1659//1659 1660//1660 1669//1669 
f 1675//1675 1678//1678 1677//1677 
f 1675//1675 1676//1676 1678//1678 
f 1685//1685 1686//1686 1687//1687 
f 1685//1685 1687//1687 1694//1694 
f 1684//1684 1694//1694 1693//1693 
f 1684//1684 1685//1685 1694//1694 
f 1683//1683 1693//1693 1692//1692 
f 1683//1683 1684//1684 1693//1693 
f 1682//1682 1692//1692 1691//1691 
f 1682//1682 1683//1683 1692//1692 
f 1681//1681 1691//1691 1690//1690 
f 1681//1681 1682//1682 1691//1691 
f 1680//1680 1690//1690 1689//1689 
f 1680//1680 1681//1681 1690//1690 
f 1679//1679 1689//1689 1688//1688 
f 1679//1679 1680//1680 1689//1689 
f 1695//1695 1698//1698 1697//1697 
f 1695//1695 1696//1696 1698//1698 
f 1706//1706 1699//1699 1705//1705 
f 1707//1707 1699//1699 1706//1706 
f 1704//1704 1699//1699 1700//1700 
f 1704//1704 1705//1705 1699//1699 
f 1703//1703 1704//1704 1700//1700 
f 1708//1708 1699//1699 1707//1707 
f 1702//1702 1703//1703 1700//1700 
f 1709//1709 1725//1725 1699//1699 
f 1709//1709 1699//1699 1708//1708 
f 1720//1720 1721//1721 1722//1722 
f 1720//1720 1722//1722 1723//1723 
f 1720//1720 1723//1723 1724//1724 
f 1720//1720 1724//1724 1725//1725 
f 1719//1719 1720//1720 1725//1725 
f 1718//1718 1719//1719 1725//1725 
f 1701//1701 1702//1702 1700//1700 
f 1710//1710 1725//1725 1709//1709 
f 1717//1717 1718//1718 1725//1725 
f 1717//1717 1725//1725 1710//1710 
f 1712//1712 1710//1710 1711//1711 
f 1714//1714 1712//1712 1713//1713 
f 1714//1714 1715//1715 1716//1716 
f 1714//1714 1716//1716 1717//1717 
f 1714//1714 1717//1717 1710//1710 
f 1714//1714 1710//1710 1712//1712 
f 1731//1731 1752//1752 1732//1732 
f 1733//1733 1732//1732 1752//1752 
f 1730//1730 1726//1726 1752//1752 
f 1730//1730 1752//1752 1731//1731 
f 1734//1734 1733//1733 1752//1752 
f 1729//1729 1726//1726 1730//1730 
f 1728//1728 1726//1726 1729//1729 
f 1735//1735 1752//1752 1751//1751 
f 1735//1735 1734//1734 1752//1752 
f 1746//1746 1748//1748 1747//1747 
f 1746//1746 1749//1749 1748//1748 
f 1745//1745 1750//1750 1749//1749 
f 1745//1745 1749//1749 1746//1746 
f 1744//1744 1751//1751 1750//1750 
f 1744//1744 1750//1750 1745//1745 
f 1727//1727 1726//1726 1728//1728 
f 1736//1736 1735//1735 1751//1751 
f 1743//1743 1751//1751 1744//1744 
f 1743//1743 1736//1736 1751//1751 
f 1742//1742 1736//1736 1743//1743 
f 1738//1738 1737//1737 1736//1736 
f 1739//1739 1741//1741 1740//1740 
f 1739//1739 1742//1742 1741//1741 
f 1739//1739 1736//1736 1742//1742 
f 1739//1739 1738//1738 1736//1736 
g Mesh0005
v -1.29602862581847 0.825125098209867 0.35
v -1.29602862581847 0.825125098209867 0.3
v -1.2626504857250227 0.8213642850371405 0.35
v -1.2309460649508361 0.8102704283952299 0.35
v -1.20250515553966 0.7923998205800715 0.35
v -1.1787539034482655 0.768648568488677 0.35
v -1.160883295633107 0.7402076590775007 0.35
v -1.1497894389911965 0.7085032383033142 0.35
v -1.14602862581847 0.675125098209866 0.35
v -1.14602862581847 0.675125098209866 0.3
v -1.2626504857250227 0.8213642850371405 0.3
v -1.2309460649508361 0.8102704283952299 0.3
v -1.20250515553966 0.7923998205800715 0.3
v -1.1787539034482655 0.768648568488677 0.3
v -1.160883295633107 0.7402076590775007 0.3
v -1.1497894389911965 0.7085032383033142 0.3
v -1.14602862581847 0.675125098209866 0.35
v -1.14602862581847 0.675125098209866 0.3
v -1.14602862581847 -0.137005614335811 0.35
v -1.14602862581847 -0.137005614335811 0.3
v -1.14602862581847 -0.137005614335811 0.3
v -1.1422678126457475 -0.1703837544292583 0.3
v -1.1311739560038367 -0.20208817520344496 0.3
v -1.113303348188678 -0.23052908461462135 0.3
v -1.0895520960972835 -0.2542803367060158 0.3
v -1.061111186686107 -0.27215094452117417 0.3
v -1.0294067659119204 -0.2832448011630847 0.3
v -0.996028625818473 -0.287005614335811 0.3
v -0.996028625818473 -0.287005614335811 0.35
v -1.14602862581847 -0.137005614335811 0.35
v -1.1422678126457475 -0.1703837544292583 0.35
v -1.1311739560038367 -0.20208817520344496 0.35
v -1.113303348188678 -0.23052908461462135 0.35
v -1.0895520960972835 -0.2542803367060158 0.35
v -1.061111186686107 -0.27215094452117417 0.35
v -1.0294067659119204 -0.2832448011630847 0.35
v -0.996028625818473 -0.287005614335811 0.35
v -0.996028625818473 -0.287005614335811 0.3
v -0.183165046190221 -0.287005614335811 0.35
v -0.183165046190221 -0.287005614335811 0.3
v -0.183165046190221 -0.287005614335811 0.3
v -0.14978690609677378 -0.2832448011630847 0.3
v -0.11808248532258704 -0.27215094452117417 0.3
v -0.08964157591141052 -0.2542803367060159 0.3
v -0.06589032382001589 -0.23052908461462146 0.3
v -0.04801971600485733 -0.20208817520344508 0.3
v -0.03692585936294654 -0.17038375442925843 0.3
v -0.03316504619022 -0.13700561433581 0.3
v -0.03316504619022 -0.13700561433581 0.35
v -0.183165046190221 -0.287005614335811 0.35
v -0.14978690609677378 -0.2832448011630847 0.35
v -0.11808248532258704 -0.27215094452117417 0.35
v -0.08964157591141052 -0.2542803367060159 0.35
v -0.06589032382001589 -0.23052908461462146 0.35
v -0.04801971600485733 -0.20208817520344508 0.35
v -0.03692585936294654 -0.17038375442925843 0.35
v -0.03316504619022 -0.13700561433581 0.35
v -0.03316504619022 -0.13700561433581 0.3
v -0.03316504619022 2.11000081487711 0.35
v -0.03316504619022 2.11000081487711 0.3
v -0.03316504619022 2.11000081487711 0.35
v -0.03316504619022 2.11000081487711 0.3
v -1.97160702503396 2.11000081487711 0.35
v -1.97160702503396 2.11000081487711 0.3
v -1.97160702503396 2.11000081487711 0.35
v -1.97160702503396 2.11000081487711 0.3
v -1.97160702503396 0.825125098209867 0.35
v -1.97160702503396 0.825125098209867 0.3
v -1.97160702503396 0.825125098209867 0.35
v -1.97160702503396 0.825125098209867 0.3
v -1.29602862581847 0.825125098209867 0.35
v -1.29602862581847 0.825125098209867 0.3
v -1.97160702503396 0.825125098209867 0.35
v -1.29602862581847 0.825125098209867 0.35
v -1.97160702503396 2.11000081487711 0.35
v -0.03316504619022 2.11000081487711 0.35
v -0.03316504619022 -0.13700561433581 0.35
v -0.183165046190221 -0.287005614335811 0.35
v -0.14978690609677378 -0.2832448011630847 0.35
v -0.11808248532258704 -0.27215094452117417 0.35
v -0.08964157591141052 -0.2542803367060159 0.35
v -0.06589032382001589 -0.23052908461462146 0.35
v -0.04801971600485733 -0.20208817520344508 0.35
v -0.03692585936294654 -0.17038375442925843 0.35
v -0.996028625818473 -0.287005614335811 0.35
v -1.14602862581847 -0.137005614335811 0.35
v -1.1422678126457475 -0.1703837544292583 0.35
v -1.1311739560038367 -0.20208817520344496 0.35
v -1.113303348188678 -0.23052908461462135 0.35
v -1.0895520960972835 -0.2542803367060158 0.35
v -1.061111186686107 -0.27215094452117417 0.35
v -1.0294067659119204 -0.2832448011630847 0.35
v -1.14602862581847 0.675125098209866 0.35
v -1.2626504857250227 0.8213642850371405 0.35
v -1.2309460649508361 0.8102704283952299 0.35
v -1.20250515553966 0.7923998205800715 0.35
v -1.1787539034482655 0.768648568488677 0.35
v -1.160883295633107 0.7402076590775007 0.35
v -1.1497894389911965 0.7085032383033142 0.35
v -1.29602862581847 0.825125098209867 0.3
v -1.2626504857250227 0.8213642850371405 0.3
v -1.2309460649508361 0.8102704283952299 0.3
v -1.20250515553966 0.7923998205800715 0.3
v -1.1787539034482655 0.768648568488677 0.3
v -1.160883295633107 0.7402076590775007 0.3
v -1.1497894389911965 0.7085032383033142 0.3
v -1.14602862581847 0.675125098209866 0.3
v -1.97160702503396 0.825125098209867 0.3
v -1.97160702503396 2.11000081487711 0.3
v -0.03316504619022 2.11000081487711 0.3
v -0.03316504619022 -0.13700561433581 0.3
v -0.183165046190221 -0.287005614335811 0.3
v -0.14978690609677378 -0.2832448011630847 0.3
v -0.11808248532258704 -0.27215094452117417 0.3
v -0.08964157591141052 -0.2542803367060159 0.3
v -0.06589032382001589 -0.23052908461462146 0.3
v -0.04801971600485733 -0.20208817520344508 0.3
v -0.03692585936294654 -0.17038375442925843 0.3
v -0.996028625818473 -0.287005614335811 0.3
v -1.14602862581847 -0.137005614335811 0.3
v -1.1422678126457475 -0.1703837544292583 0.3
v -1.1311739560038367 -0.20208817520344496 0.3
v -1.113303348188678 -0.23052908461462135 0.3
v -1.0895520960972835 -0.2542803367060158 0.3
v -1.061111186686107 -0.27215094452117417 0.3
v -1.0294067659119204 -0.2832448011630847 0.3
vn -0.11196448161923646 -0.9937122092717466 0
vn -0.11196448161923646 -0.9937122092717466 0
vn -0.2589543434838022 -0.9658895630406579 0
vn -0.467392442450351 -0.884049944709175 0
vn -0.6523935868937095 -0.7578803386946781 0
vn -0.8046809644761854 -0.5937074577682817 0
vn -0.9166182837604805 -0.3997635824784335 0
vn -0.9825925098293564 -0.1857739476547939 0
vn -0.9937122092717466 -0.11196448161923646 0
vn -0.9937122092717466 -0.11196448161923646 0
vn -0.1857739511614496 -0.9825925091663702 0
vn -0.3997636325576031 -0.9166182619195135 0
vn -0.5937074577682817 -0.8046809644761854 0
vn -0.7578803386946781 -0.6523935868937095 0
vn -0.8840499331016134 -0.4673924644054853 0
vn -0.9658895630406579 -0.2589543434838022 0
vn -1 0 0
vn -1 0 0
vn -1 0 0
vn -1 0 0
vn -0.9937122092717466 -0.11196448161923646 0
vn -0.9658895630406579 -0.2589543434838022 0
vn -0.8840499331016134 -0.4673924644054853 0
vn -0.7578803386946781 -0.6523935868937095 0
vn -0.5937074577682817 -0.8046809644761854 0
vn -0.3997636325576031 -0.9166182619195135 0
vn -0.1857739511614496 -0.9825925091663702 0
vn -0.11196448161923646 -0.9937122092717466 0
vn -0.11196448161923646 -0.9937122092717466 0
vn -0.9937122092717466 -0.11196448161923646 0
vn -0.9825925098293564 -0.1857739476547939 0
vn -0.9166182837604805 -0.3997635824784335 0
vn -0.8046809644761854 -0.5937074577682817 0
vn -0.6523935868937095 -0.7578803386946781 0
vn -0.467392442450351 -0.884049944709175 0
vn -0.2589543434838022 -0.9658895630406579 0
vn 0 -1 0
vn 0 -1 0
vn 0 -1 0
vn 0 -1 0
vn 0.11196448161923646 -0.9937122092717466 0
vn 0.2589543434838022 -0.9658895630406579 0
vn 0.4673924644054853 -0.8840499331016134 0
vn 0.6523935868937095 -0.7578803386946781 0
vn 0.8046809644761854 -0.5937074577682817 0
vn 0.9166182619195135 -0.3997636325576031 0
vn 0.9825925091663702 -0.1857739511614496 0
vn 0.9937122092717466 -0.11196448161923646 0
vn 0.9937122092717466 -0.11196448161923646 0
vn 0.11196448161923646 -0.9937122092717466 0
vn 0.1857739476547939 -0.9825925098293564 0
vn 0.3997635824784335 -0.9166182837604805 0
vn 0.5937074577682817 -0.8046809644761854 0
vn 0.7578803386946781 -0.6523935868937095 0
vn 0.884049944709175 -0.467392442450351 0
vn 0.9658895630406579 -0.2589543434838022 0
vn 1 0 0
vn 1 0 0
vn 1 0 0
vn 1 0 0
vn 0 1 0
vn 0 1 0
vn 0 1 0
vn 0 1 0
vn -1 0 0
vn -1 0 0
vn -1 0 0
vn -1 0 0
vn 0 -1 0
vn 0 -1 0
vn 0 -1 0
vn 0 -1 0
vn 0 0 1
vn 0 0 1
vn 0 0 1
vn 0 0 1
vn 0 0 1
vn 0 0 1
vn 0 0 1
vn 0 0 1
vn 0 0 1
vn 0 0 1
vn 0 0 1
vn 0 0 1
vn 0 0 1
vn 0 0 1
vn 0 0 1
vn 0 0 1
vn 0 0 1
vn 0 0 1
vn 0 0 1
vn 0 0 1
vn 0 0 1
vn 0 0 1
vn 0 0 1
vn 0 0 1
vn 0 0 1
vn 0 0 1
vn 0 0 1
vn 0 0 -1
vn 0 0 -1
vn 0 0 -1
vn 0 0 -1
vn 0 0 -1
vn 0 0 -1
vn 0 0 -1
vn 0 0 -1
vn 0 0 -1
vn 0 0 -1
vn 0 0 -1
vn 0 0 -1
vn 0 0 -1
vn 0 0 -1
vn 0 0 -1
vn 0 0 -1
vn 0 0 -1
vn 0 0 -1
vn 0 0 -1
vn 0 0 -1
vn 0 0 -1
vn 0 0 -1
vn 0 0 -1
vn 0 0 -1
vn 0 0 -1
vn 0 0 -1
vn 0 0 -1
f 1763//1763 1753//1753 1754//1754 
f 1763//1763 1755//1755 1753//1753 
f 1764//1764 1756//1756 1755//1755 
f 1764//1764 1755//1755 1763//1763 
f 1765//1765 1757//1757 1756//1756 
f 1765//1765 1756//1756 1764//1764 
f 1766//1766 1758//1758 1757//1757 
f 1766//1766 1757//1757 1765//1765 
f 1767//1767 1759//1759 1758//1758 
f 1767//1767 1758//1758 1766//1766 
f 1768//1768 1760//1760 1759//1759 
f 1768//1768 1759//1759 1767//1767 
f 1762//1762 1761//1761 1760//1760 
f 1762//1762 1760//1760 1768//1768 
f 1770//1770 1771//1771 1769//1769 
f 1770//1770 1772//1772 1771//1771 
f 1779//1779 1780//1780 1781//1781 
f 1779//1779 1781//1781 1788//1788 
f 1778//1778 1788//1788 1787//1787 
f 1778//1778 1779//1779 1788//1788 
f 1777//1777 1787//1787 1786//1786 
f 1777//1777 1778//1778 1787//1787 
f 1776//1776 1786//1786 1785//1785 
f 1776//1776 1777//1777 1786//1786 
f 1775//1775 1785//1785 1784//1784 
f 1775//1775 1776//1776 1785//1785 
f 1774//1774 1784//1784 1783//1783 
f 1774//1774 1775//1775 1784//1784 
f 1773//1773 1783//1783 1782//1782 
f 1773//1773 1774//1774 1783//1783 
f 1789//1789 1792//1792 1791//1791 
f 1789//1789 1790//1790 1792//1792 
f 1799//1799 1800//1800 1801//1801 
f 1799//1799 1801//1801 1808//1808 
f 1798//1798 1808//1808 1807//1807 
f 1798//1798 1799//1799 1808//1808 
f 1797//1797 1807//1807 1806//1806 
f 1797//1797 1798//1798 1807//1807 
f 1796//1796 1806//1806 1805//1805 
f 1796//1796 1797//1797 1806//1806 
f 1795//1795 1805//1805 1804//1804 
f 1795//1795 1796//1796 1805//1805 
f 1794//1794 1804//1804 1803//1803 
f 1794//1794 1795//1795 1804//1804 
f 1793//1793 1803//1803 1802//1802 
f 1793//1793 1794//1794 1803//1803 
f 1811//1811 1809//1809 1810//1810 
f 1811//1811 1810//1810 1812//1812 
f 1814//1814 1815//1815 1813//1813 
f 1814//1814 1816//1816 1815//1815 
f 1818//1818 1819//1819 1817//1817 
f 1818//1818 1820//1820 1819//1819 
f 1821//1821 1824//1824 1823//1823 
f 1821//1821 1822//1822 1824//1824 
f 1829//1829 1833//1833 1834//1834 
f 1829//1829 1834//1834 1835//1835 
f 1829//1829 1835//1835 1836//1836 
f 1830//1830 1831//1831 1832//1832 
f 1830//1830 1832//1832 1833//1833 
f 1830//1830 1833//1833 1829//1829 
f 1842//1842 1843//1843 1844//1844 
f 1838//1838 1839//1839 1840//1840 
f 1838//1838 1840//1840 1841//1841 
f 1838//1838 1841//1841 1842//1842 
f 1838//1838 1844//1844 1837//1837 
f 1838//1838 1842//1842 1844//1844 
f 1845//1845 1837//1837 1830//1830 
f 1845//1845 1830//1830 1829//1829 
f 1845//1845 1838//1838 1837//1837 
f 1851//1851 1845//1845 1829//1829 
f 1828//1828 1846//1846 1847//1847 
f 1828//1828 1847//1847 1848//1848 
f 1828//1828 1848//1848 1849//1849 
f 1828//1828 1849//1849 1850//1850 
f 1828//1828 1850//1850 1851//1851 
f 1828//1828 1851//1851 1829//1829 
f 1827//1827 1825//1825 1826//1826 
f 1827//1827 1826//1826 1846//1846 
f 1827//1827 1846//1846 1828//1828 
f 1863//1863 1868//1868 1867//1867 
f 1863//1863 1869//1869 1868//1868 
f 1863//1863 1870//1870 1869//1869 
f 1864//1864 1866//1866 1865//1865 
f 1864//1864 1867//1867 1866//1866 
f 1864//1864 1863//1863 1867//1867 
f 1876//1876 1878//1878 1877//1877 
f 1872//1872 1874//1874 1873//1873 
f 1872//1872 1875//1875 1874//1874 
f 1872//1872 1876//1876 1875//1875 
f 1872//1872 1871//1871 1878//1878 
f 1872//1872 1878//1878 1876//1876 
f 1859//1859 1864//1864 1871//1871 
f 1859//1859 1863//1863 1864//1864 
f 1859//1859 1871//1871 1872//1872 
f 1858//1858 1863//1863 1859//1859 
f 1862//1862 1854//1854 1853//1853 
f 1862//1862 1855//1855 1854//1854 
f 1862//1862 1856//1856 1855//1855 
f 1862//1862 1857//1857 1856//1856 
f 1862//1862 1858//1858 1857//1857 
f 1862//1862 1863//1863 1858//1858 
f 1861//1861 1853//1853 1852//1852 
f 1861//1861 1852//1852 1860//1860 
f 1861//1861 1862//1862 1853//1853 
g Mesh0006
v -1.04369759991654 0.44135013014018 0.45
v -1.04369759991654 0.44135013014018 0.35
v -1.04369759991654 -0.158405598455943 0.45
v -1.04369759991654 -0.158405598455943 0.35
v -1.04369759991654 -0.158405598455943 0.45
v -1.04369759991654 -0.158405598455943 0.35
v -0.141585677565345 -0.158405598455943 0.45
v -0.141585677565345 -0.158405598455943 0.35
v -0.141585677565345 -0.158405598455943 0.45
v -0.141585677565345 -0.158405598455943 0.35
v -0.141585677565345 0.44135013014018 0.45
v -0.141585677565345 0.44135013014018 0.35
v -0.141585677565345 0.44135013014018 0.45
v -0.141585677565345 0.44135013014018 0.35
v -1.04369759991654 0.44135013014018 0.45
v -1.04369759991654 0.44135013014018 0.35
v -1.04369759991654 0.44135013014018 0.45
v -1.04369759991654 -0.158405598455943 0.45
v -0.141585677565345 -0.158405598455943 0.45
v -0.141585677565345 0.44135013014018 0.45
v -1.04369759991654 -0.158405598455943 0.35
v -0.141585677565345 -0.158405598455943 0.35
v -0.141585677565345 0.44135013014018 0.35
v -1.04369759991654 0.44135013014018 0.35
vn -1 0 0
vn -1 0 0
vn -1 0 0
vn -1 0 0
vn 0 -1 0
vn 0 -1 0
vn 0 -1 0
vn 0 -1 0
vn 1 0 0
vn 1 0 0
vn 1 0 0
vn 1 0 0
vn 0 1 0
vn 0 1 0
vn 0 1 0
vn 0 1 0
vn 0 0 1
vn 0 0 1
vn 0 0 1
vn 0 0 1
vn 0 0 -1
vn 0 0 -1
vn 0 0 -1
vn 0 0 -1
f 1880//1880 1881//1881 1879//1879 
f 1880//1880 1882//1882 1881//1881 
f 1885//1885 1883//1883 1884//1884 
f 1885//1885 1884//1884 1886//1886 
f 1889//1889 1887//1887 1888//1888 
f 1889//1889 1888//1888 1890//1890 
f 1892//1892 1893//1893 1891//1891 
f 1892//1892 1894//1894 1893//1893 
f 1898//1898 1895//1895 1896//1896 
f 1898//1898 1896//1896 1897//1897 
f 1901//1901 1900//1900 1899//1899 
f 1901//1901 1899//1899 1902//1902 
g Mesh0007
v 0.483820167320515 0.204674761846491 0.45
v 0.483820167320515 0.204674761846491 0.35
v 0.483820167320515 0.404674761846491 0.45
v 0.483820167320515 0.404674761846491 0.35
v 0.483820167320515 0.404674761846491 0.45
v 0.483820167320515 0.404674761846491 0.35
v 0.283820167320515 0.404674761846491 0.45
v 0.283820167320515 0.404674761846491 0.35
v 0.283820167320515 0.404674761846491 0.45
v 0.283820167320515 0.404674761846491 0.35
v 0.283820167320515 0.204674761846491 0.45
v 0.283820167320515 0.204674761846491 0.35
v 0.283820167320515 0.204674761846491 0.45
v 0.283820167320515 0.204674761846491 0.35
v 0.483820167320515 0.204674761846491 0.45
v 0.483820167320515 0.204674761846491 0.35
v 0.483820167320515 0.204674761846491 0.45
v 0.483820167320515 0.404674761846491 0.45
v 0.283820167320515 0.404674761846491 0.45
v 0.283820167320515 0.204674761846491 0.45
v 0.483820167320515 0.404674761846491 0.35
v 0.283820167320515 0.404674761846491 0.35
v 0.283820167320515 0.204674761846491 0.35
v 0.483820167320515 0.204674761846491 0.35
vn 1 0 0
vn 1 0 0
vn 1 0 0
vn 1 0 0
vn 0 1 0
vn 0 1 0
vn 0 1 0
vn 0 1 0
vn -1 0 0
vn -1 0 0
vn -1 0 0
vn -1 0 0
vn 0 -1 0
vn 0 -1 0
vn 0 -1 0
vn 0 -1 0
vn 0 0 1
vn 0 0 1
vn 0 0 1
vn 0 0 1
vn 0 0 -1
vn 0 0 -1
vn 0 0 -1
vn 0 0 -1
f 1905//1905 1903//1903 1904//1904 
f 1905//1905 1904//1904 1906//1906 
f 1908//1908 1909//1909 1907//1907 
f 1908//1908 1910//1910 1909//1909 
f 1911//1911 1914//1914 1913//1913 
f 1911//1911 1912//1912 1914//1914 
f 1917//1917 1915//1915 1916//1916 
f 1917//1917 1916//1916 1918//1918 
f 1920//1920 1921//1921 1922//1922 
f 1920//1920 1922//1922 1919//1919 
f 1923//1923 1925//1925 1924//1924 
f 1923//1923 1926//1926 1925//1925 
g Mesh0008
v 0.483820167320515 0.916322564166215 0.45
v 0.483820167320515 0.916322564166215 0.35
v 0.483820167320515 1.11632256416622 0.45
v 0.483820167320515 1.11632256416622 0.35
v 0.483820167320515 1.11632256416622 0.45
v 0.483820167320515 1.11632256416622 0.35
v 0.283820167320515 1.11632256416622 0.45
v 0.283820167320515 1.11632256416622 0.35
v 0.283820167320515 1.11632256416622 0.45
v 0.283820167320515 1.11632256416622 0.35
v 0.283820167320515 0.916322564166215 0.45
v 0.283820167320515 0.916322564166215 0.35
v 0.283820167320515 0.916322564166215 0.45
v 0.283820167320515 0.916322564166215 0.35
v 0.483820167320515 0.916322564166215 0.45
v 0.483820167320515 0.916322564166215 0.35
v 0.483820167320515 0.916322564166215 0.45
v 0.483820167320515 1.11632256416622 0.45
v 0.283820167320515 1.11632256416622 0.45
v 0.283820167320515 0.916322564166215 0.45
v 0.483820167320515 1.11632256416622 0.35
v 0.283820167320515 1.11632256416622 0.35
v 0.283820167320515 0.916322564166215 0.35
v 0.483820167320515 0.916322564166215 0.35
vn 1 0 0
vn 1 0 0
vn 1 0 0
vn 1 0 0
vn 0 1 0
vn 0 1 0
vn 0 1 0
vn 0 1 0
vn -1 0 0
vn -1 0 0
vn -1 0 0
vn -1 0 0
vn 0 -1 0
vn 0 -1 0
vn 0 -1 0
vn 0 -1 0
vn 0 0 1
vn 0 0 1
vn 0 0 1
vn 0 0 1
vn 0 0 -1
vn 0 0 -1
vn 0 0 -1
vn 0 0 -1
f 1929//1929 1927//1927 1928//1928 
f 1929//1929 1928//1928 1930//1930 
f 1932//1932 1933//1933 1931//1931 
f 1932//1932 1934//1934 1933//1933 
f 1936//1936 1937//1937 1935//1935 
f 1936//1936 1938//1938 1937//1937 
f 1941//1941 1939//1939 1940//1940 
f 1941//1941 1940//1940 1942//1942 
f 1944//1944 1945//1945 1946//1946 
f 1944//1944 1946//1946 1943//1943 
f 1947//1947 1949//1949 1948//1948 
f 1947//1947 1950//1950 1949//1949 
g Mesh0009
v 0.483820167320515 -0.487189748810124 0.45
v 0.483820167320515 -0.487189748810124 0.35
v 0.483820167320515 -0.287189748810124 0.45
v 0.483820167320515 -0.287189748810124 0.35
v 0.483820167320515 -0.287189748810124 0.45
v 0.483820167320515 -0.287189748810124 0.35
v 0.283820167320515 -0.287189748810124 0.45
v 0.283820167320515 -0.287189748810124 0.35
v 0.283820167320515 -0.287189748810124 0.45
v 0.283820167320515 -0.287189748810124 0.35
v 0.283820167320515 -0.487189748810124 0.45
v 0.283820167320515 -0.487189748810124 0.35
v 0.283820167320515 -0.487189748810124 0.45
v 0.283820167320515 -0.487189748810124 0.35
v 0.483820167320515 -0.487189748810124 0.45
v 0.483820167320515 -0.487189748810124 0.35
v 0.483820167320515 -0.487189748810124 0.45
v 0.483820167320515 -0.287189748810124 0.45
v 0.283820167320515 -0.287189748810124 0.45
v 0.283820167320515 -0.487189748810124 0.45
v 0.483820167320515 -0.287189748810124 0.35
v 0.283820167320515 -0.287189748810124 0.35
v 0.283820167320515 -0.487189748810124 0.35
v 0.483820167320515 -0.487189748810124 0.35
vn 1 0 0
vn 1 0 0
vn 1 0 0
vn 1 0 0
vn 0 1 0
vn 0 1 0
vn 0 1 0
vn 0 1 0
vn -1 0 0
vn -1 0 0
vn -1 0 0
vn -1 0 0
vn 0 -1 0
vn 0 -1 0
vn 0 -1 0
vn 0 -1 0
vn 0 0 1
vn 0 0 1
vn 0 0 1
vn 0 0 1
vn 0 0 -1
vn 0 0 -1
vn 0 0 -1
vn 0 0 -1
f 1953//1953 1951//1951 1952//1952 
f 1953//1953 1952//1952 1954//1954 
f 1956//1956 1957//1957 1955//1955 
f 1956//1956 1958//1958 1957//1957 
f 1960//1960 1961//1961 1959//1959 
f 1960//1960 1962//1962 1961//1961 
f 1965//1965 1963//1963 1964//1964 
f 1965//1965 1964//1964 1966//1966 
f 1968//1968 1969//1969 1970//1970 
f 1968//1968 1970//1970 1967//1967 
f 1971//1971 1973//1973 1972//1972 
f 1971//1971 1974//1974 1973//1973 
